ID,Title,Content,Excerpt,Date,"Post Type",Permalink,URL,Caption,Description,"Alt Text",Featured,URL,caption,email,mode_of_communication,"Select Package",Therapy,"Communication mode",About,"Website URL","Facebook URL","Twitter URL","Instagram URL","Linkedin URL","Skype call",YouTube,"First Reference name","First Reference email","Second Reference name","Second Reference email","Third Reference name","Third Reference email","Select identity proof","Identity number","Select Identity image","Profile Picture","Address Proof",Certificates,Ailment
10,"Haritha Nayak","Invoke Angel Damabiahto</br>
understand the true meaning of</br>
a night she used to receive.",,2018-06-29,wsp,http://thriive.noesis.tech/wsp/haritha-nayak/,http://thriive.noesis.tech/wp-content/uploads/2018/06/img-1.png|http://thriive.noesis.tech/wp-content/uploads/2018/07/panic_healing.png|http://thriive.noesis.tech/wp-content/uploads/2018/07/reiki.png,||,||,||,http://thriive.noesis.tech/wp-content/uploads/2018/06/img-1.png,,"angelic healing",connect@thriive.in,"a:2:{i:0;s:9:""Telephone"";i:1;s:16:""Video Conference"";}",,,,,,,,,,,,,,,,,,,,,,,,
40,"Hitesh Vashishth","Invoke Angel Damabiahto<br/>
understand the true meaning of<br/>
a night she used to receive.",,2018-07-27,wsp,http://thriive.noesis.tech/wsp/hitesh-vashishth/,http://thriive.noesis.tech/wp-content/uploads/2018/07/images.jpeg,,,,http://thriive.noesis.tech/wp-content/uploads/2018/07/images.jpeg,,"angelic healing",,,,,,,,,,,,,,,,,,,,,,,,,,
75,"Pooja Jain","Invoke Angel Damabiahto<br>
understand the true meaning of<br>
a night she used to receive.",,2018-07-28,wsp,http://thriive.noesis.tech/wsp/pooja-jain/,http://thriive.noesis.tech/wp-content/uploads/2018/07/download.jpeg,,,,http://thriive.noesis.tech/wp-content/uploads/2018/07/download.jpeg,,"angelic healing",,,,,,,,,,,,,,,,,,,,,,,,,,
188,"Healer 4",,,2018-10-04,wsp,http://thriive.noesis.tech/wsp/healer-4/,http://thriive.noesis.tech/wp-content/uploads/2018/07/images.jpeg,,,,http://thriive.noesis.tech/wp-content/uploads/2018/07/images.jpeg,,,,,,,,,,,,,,,,,,,,,,,,,,,,
189,"Healer 5",,,2018-10-04,wsp,http://thriive.noesis.tech/wsp/healer-5/,http://thriive.noesis.tech/wp-content/uploads/2018/07/download.jpeg,,,,http://thriive.noesis.tech/wp-content/uploads/2018/07/download.jpeg,,,,,,,,,,,,,,,,,,,,,,,,,,,,
190,"Healer 6",,,2018-10-04,wsp,http://thriive.noesis.tech/wsp/healer-6/,http://thriive.noesis.tech/wp-content/uploads/2018/10/images-1.jpeg,,,,http://thriive.noesis.tech/wp-content/uploads/2018/10/images-1.jpeg,,,,,,,,,,,,,,,,,,,,,,,,,,,,
192,"Healer 7",,,2018-10-04,wsp,http://thriive.noesis.tech/wsp/healer-7/,http://thriive.noesis.tech/wp-content/uploads/2018/10/images-1.jpeg,,,,http://thriive.noesis.tech/wp-content/uploads/2018/10/images-1.jpeg,,,,,,,,,,,,,,,,,,,,,,,,,,,,
193,"Healer 8",,,2018-10-04,wsp,http://thriive.noesis.tech/wsp/healer-8/,http://thriive.noesis.tech/wp-content/uploads/2018/06/img-1.png,,,,http://thriive.noesis.tech/wp-content/uploads/2018/06/img-1.png,,,,,,,,,,,,,,,,,,,,,,,,,,,,
