"Term ID","Term Name","Term Slug",Therapies,therapies
5,Migrane,migrane,"Accupressure|Pranayama|Rebirthing|Reiki|Meditation|Homeopathy|Crystal Bowl","a:7:{i:0;s:2:""91"";i:1;s:3:""125"";i:2;s:3:""124"";i:3;s:1:""8"";i:4;s:3:""117"";i:5;s:2:""86"";i:6;s:4:""1177"";}"
6,Nightmares,nightmares,,
277,Cough,cough,"Pranic Healing|Pranic Healing",a:2:{i:0;i:7;i:1;i:7;}
298,"Acid Reflux (Symptom)",acid-reflux-symptom,,
299,"Crohn's Disease",crohns-disease,"Silver Pulser",a:1:{i:0;i:1008;}
300,Constipation,constipation,"Silver Pulser|Silver Pulser",a:2:{i:0;i:1008;i:1;i:1008;}
301,"Amoebic Colitis",amoebic-colitis,"Silver Pulser",a:1:{i:0;i:1008;}
302,Gastritis,gastritis,Child2|Child2,a:2:{i:0;i:1171;i:1;i:1171;}
303,"Gallstones and Cholecystitis",gallstones-and-cholecystitis,,
304,"Diverticulosis &amp; diverticulitis",diverticulosis-diverticulitis,"Silver Pulser|ELECTRO REFLEX ENERGIZER|Foot De-tox|FA Infra Sauna|I - float|Bio Tuner|Hatha Yoga|Vinyasa Yoga|Ashtanga Yoga|Iyengar Yoga|Homeopathy|Angel Reading|Naturopathy|Meditation|Rebirthing|Conscious Parenting Counselor|Theta Healing","a:17:{i:0;s:4:""1008"";i:1;s:3:""163"";i:2;s:4:""1009"";i:3;s:4:""1010"";i:4;s:3:""166"";i:5;s:3:""167"";i:6;s:2:""27"";i:7;s:2:""10"";i:8;s:2:""28"";i:9;s:2:""29"";i:10;s:2:""86"";i:11;s:2:""36"";i:12;s:2:""84"";i:13;s:2:""60"";i:14;s:3:""124"";i:15;s:3:""144"";i:16;s:2:""12"";}"
305,"Lactose Intolerance",lactose-intolerance,"ELECTRO REFLEX ENERGIZER|Foot De-tox|FA Infra Sauna|I - float|Bio Tuner|Naturopathy|Silver Pulser|Homeopathy|Angel Reading|Naturopathy|Meditation|Rebirthing|Conscious Parenting Counselor|Theta Healing","a:14:{i:0;s:3:""163"";i:1;s:4:""1009"";i:2;s:4:""1010"";i:3;s:3:""166"";i:4;s:3:""167"";i:5;s:2:""84"";i:6;s:4:""1008"";i:7;s:2:""86"";i:8;s:2:""36"";i:9;s:2:""84"";i:10;s:2:""60"";i:11;s:3:""124"";i:12;s:3:""144"";i:13;s:2:""12"";}"
306,Indigestion,indigestion,"Silver Pulser|Acupressure|Reflexology|ELECTRO REFLEX ENERGIZER|Foot De-tox|FA Infra Sauna|I - float|Bio Tuner|Inner Child Healing|Ayurveda|Past life Regression|Homeopathy|Angel Reading|Naturopathy|Meditation|Rebirthing|Conscious Parenting Counselor|Reiki|Theta Healing|Homeopathy","a:20:{i:0;s:4:""1008"";i:1;s:3:""942"";i:2;s:3:""100"";i:3;s:3:""163"";i:4;s:4:""1009"";i:5;s:4:""1010"";i:6;s:3:""166"";i:7;s:3:""167"";i:8;s:3:""134"";i:9;s:2:""85"";i:10;s:2:""75"";i:11;s:2:""86"";i:12;s:2:""36"";i:13;s:2:""84"";i:14;s:2:""60"";i:15;s:3:""124"";i:16;s:3:""144"";i:17;s:1:""8"";i:18;s:2:""12"";i:19;s:2:""86"";}"
307,"Irritable bowel syndrome (IBS)",irritable-bowel-syndrome-ibs,"Silver Pulser|Nambudripad's Allergy Elimination Technique|ELECTRO REFLEX ENERGIZER|Foot De-tox|FA Infra Sauna|I - float|Bio Tuner|Bowen Therapy|Heal your life Program by Louise Hay|Family Constellation|Inner Child Healing|Ayurveda|Hypnotherapy|Past life Regression|Homeopathy|Angel Reading|Naturopathy|Meditation|Rebirthing|Conscious Parenting Counselor|Reiki|Theta Healing","a:22:{i:0;s:4:""1008"";i:1;s:4:""1050"";i:2;s:3:""163"";i:3;s:4:""1009"";i:4;s:4:""1010"";i:5;s:3:""166"";i:6;s:3:""167"";i:7;s:3:""102"";i:8;i:1173;i:9;i:1174;i:10;s:3:""134"";i:11;s:2:""85"";i:12;s:2:""54"";i:13;s:2:""75"";i:14;s:2:""86"";i:15;s:2:""36"";i:16;s:2:""84"";i:17;s:2:""60"";i:18;s:3:""124"";i:19;s:3:""144"";i:20;s:1:""8"";i:21;s:2:""12"";}"
308,"Tropical Sprue",tropical-sprue,"Theta Healing|Homeopathy","a:2:{i:0;s:2:""12"";i:1;s:2:""86"";}"
309,"Hepatitis A",hepatitis-a,Child2,a:1:{i:0;i:1171;}
310,"Hepatitis B",hepatitis-b,Child2,a:1:{i:0;i:1171;}
311,"Hepatitis C",hepatitis-c,"Past life Regression|Inner Child Healing|Theta Healing|Homeopathy","a:4:{i:0;s:2:""75"";i:1;s:3:""134"";i:2;s:2:""12"";i:3;s:2:""86"";}"
312,Cirrhosis,cirrhosis,"Past life Regression|Inner Child Healing|Reiki|Theta Healing|Homeopathy","a:5:{i:0;s:2:""75"";i:1;s:3:""134"";i:2;s:1:""8"";i:3;s:2:""12"";i:4;s:2:""86"";}"
313,"Alcoholic Liver Disease",alcoholic-liver-disease,"Silver Pulser|Silver Pulser|Silver Pulser|Silver Pulser",a:4:{i:0;i:1008;i:1;i:1008;i:2;i:1008;i:3;i:1008;}
314,"Peptic Ulcer",peptic-ulcer,"ELECTRO REFLEX ENERGIZER|Foot De-tox|FA Infra Sauna|I - float|Bio Tuner|Naturopathy|Ayurveda|Homeopathy|Angel Reading|Naturopathy|Meditation|Rebirthing|Conscious Parenting Counselor|Theta Healing","a:14:{i:0;s:3:""163"";i:1;s:4:""1009"";i:2;s:4:""1010"";i:3;s:3:""166"";i:4;s:3:""167"";i:5;s:2:""84"";i:6;s:2:""85"";i:7;s:2:""86"";i:8;s:2:""36"";i:9;s:2:""84"";i:10;s:2:""60"";i:11;s:3:""124"";i:12;s:3:""144"";i:13;s:2:""12"";}"
315,"Duodenal Ulcer",duodenal-ulcer,"Theta Healing|Homeopathy","a:2:{i:0;s:2:""12"";i:1;s:2:""86"";}"
316,"Solitary Rectal Ulcer",solitary-rectal-ulcer,"Theta Healing|Homeopathy","a:2:{i:0;s:2:""12"";i:1;s:2:""86"";}"
317,"Stomach ache",stomach-ache,"Silver Pulser|Rebirthing|Inner Child Healing|Past life Regression|Homeopathy|Angel Reading|Naturopathy|Meditation|Rebirthing|Conscious Parenting Counselor|Reiki|Theta Healing","a:12:{i:0;s:4:""1008"";i:1;s:3:""124"";i:2;s:3:""134"";i:3;s:2:""75"";i:4;s:2:""86"";i:5;s:2:""36"";i:6;s:2:""84"";i:7;s:2:""60"";i:8;s:3:""124"";i:9;s:3:""144"";i:10;s:1:""8"";i:11;s:2:""12"";}"
318,"Frequent Heartburn",frequent-heartburn,"Silver Pulser|ELECTRO REFLEX ENERGIZER|Foot De-tox|FA Infra Sauna|I - float|Bio Tuner|NLP2|Naturopathy|Ayurveda|Past life Regression|Homeopathy|Angel Reading|Naturopathy|Meditation|Rebirthing|Conscious Parenting Counselor|Reiki|Theta Healing","a:18:{i:0;s:4:""1008"";i:1;s:3:""163"";i:2;s:4:""1009"";i:3;s:4:""1010"";i:4;s:3:""166"";i:5;s:3:""167"";i:6;i:1176;i:7;s:2:""84"";i:8;s:2:""85"";i:9;s:2:""75"";i:10;s:2:""86"";i:11;s:2:""36"";i:12;s:2:""84"";i:13;s:2:""60"";i:14;s:3:""124"";i:15;s:3:""144"";i:16;s:1:""8"";i:17;s:2:""12"";}"
319,"Piles / Hemorrhoids",piles-hemorrhoids,"Silver Pulser|ELECTRO REFLEX ENERGIZER|Foot De-tox|FA Infra Sauna|I - float|Bio Tuner|Heal your life Program by Louise Hay|Ayurveda|Homeopathy|Angel Reading|Naturopathy|Meditation|Rebirthing|Conscious Parenting Counselor|Theta Healing","a:15:{i:0;s:4:""1008"";i:1;s:3:""163"";i:2;s:4:""1009"";i:3;s:4:""1010"";i:4;s:3:""166"";i:5;s:3:""167"";i:6;s:4:""1173"";i:7;s:2:""85"";i:8;s:2:""86"";i:9;s:2:""36"";i:10;s:2:""84"";i:11;s:2:""60"";i:12;s:3:""124"";i:13;s:3:""144"";i:14;s:2:""12"";}"
320,"Amoebic Dysentery",amoebic-dysentery,"Theta Healing|Theta Healing|Theta Healing|Theta Healing|Theta Healing",a:5:{i:0;i:12;i:1;i:12;i:2;i:12;i:3;i:12;i:4;i:12;}
321,"Acid Peptic Disease",acid-peptic-disease,"Theta Healing","a:1:{i:0;s:2:""12"";}"
322,"Ulcer – Stomach/ Duodenum",ulcer-stomach-duodenum,"ELECTRO REFLEX ENERGIZER|Foot De-tox|FA Infra Sauna|I - float|Bio Tuner|Silver Pulser|Past life Regression|Inner Child Healing|Homeopathy|Angel Reading|Naturopathy|Meditation|Rebirthing|Conscious Parenting Counselor|Reiki|Theta Healing","a:16:{i:0;s:3:""163"";i:1;s:4:""1009"";i:2;s:4:""1010"";i:3;s:3:""166"";i:4;s:3:""167"";i:5;s:4:""1008"";i:6;s:2:""75"";i:7;s:3:""134"";i:8;s:2:""86"";i:9;s:2:""36"";i:10;s:2:""84"";i:11;s:2:""60"";i:12;s:3:""124"";i:13;s:3:""144"";i:14;s:1:""8"";i:15;s:2:""12"";}"
323,"Inflammatory Bowel Disorder",inflammatory-bowel-disorder,"Past life Regression|Inner Child Healing|Reiki|Theta Healing|Homeopathy","a:5:{i:0;s:2:""75"";i:1;s:3:""134"";i:2;s:1:""8"";i:3;s:2:""12"";i:4;s:2:""86"";}"
324,"Rectum Hemorrhages",rectum-hemorrhages,"Past life Regression|Inner Child Healing|Theta Healing|Homeopathy","a:4:{i:0;s:2:""75"";i:1;s:3:""134"";i:2;s:2:""12"";i:3;s:2:""86"";}"
325,"Bacillary DYSENTERY",bacillary-dysentery,"Reiki|Theta Healing|Homeopathy","a:3:{i:0;s:1:""8"";i:1;s:2:""12"";i:2;s:2:""86"";}"
326,"Stomach Hemorrhages",stomach-hemorrhages,"Past life Regression|Inner Child Healing|Theta Healing|Homeopathy","a:4:{i:0;s:2:""75"";i:1;s:3:""134"";i:2;s:2:""12"";i:3;s:2:""86"";}"
327,Hernia,hernia,"Past life Regression|Inner Child Healing|Theta Healing|Homeopathy","a:4:{i:0;s:2:""75"";i:1;s:3:""134"";i:2;s:2:""12"";i:3;s:2:""86"";}"
328,"Chronic Kidney disease",chronic-kidney-disease,"Rebirthing|Preeti Siddhi|Past life Regression|Homeopathy|Reiki|Theta Healing","a:6:{i:0;s:3:""124"";i:1;s:2:""26"";i:2;s:2:""75"";i:3;s:2:""86"";i:4;s:1:""8"";i:5;s:2:""12"";}"
329,"Bladder control in children",bladder-control-in-children,,
330,"Bladder control in adult",bladder-control-in-adult,,
331,"Nephrotic Syndrome",nephrotic-syndrome,"Past life Regression|Inner Child Healing|Theta Healing|Homeopathy","a:4:{i:0;s:2:""75"";i:1;s:3:""134"";i:2;s:2:""12"";i:3;s:2:""86"";}"
332,Pyelonephritis,pyelonephritis,"Past life Regression|Inner Child Healing|Theta Healing|Homeopathy","a:4:{i:0;s:2:""75"";i:1;s:3:""134"";i:2;s:2:""12"";i:3;s:2:""86"";}"
333,"Renal stone /calculi",renal-stone-calculi,"Reiki|Past life Regression|Theta Healing|Homeopathy|Ayurveda","a:5:{i:0;s:1:""8"";i:1;s:2:""75"";i:2;s:2:""12"";i:3;s:2:""86"";i:4;s:2:""85"";}"
334,"Acute Glomerulonephritis",acute-glomerulonephritis,"Theta Healing|Theta Healing|Theta Healing|Theta Healing|Theta Healing|Theta Healing|Theta Healing",a:7:{i:0;i:12;i:1;i:12;i:2;i:12;i:3;i:12;i:4;i:12;i:5;i:12;i:6;i:12;}
335,"Chronic Renal Failure",chronic-renal-failure,"Past life Regression|Theta Healing|Homeopathy","a:3:{i:0;s:2:""75"";i:1;s:2:""12"";i:2;s:2:""86"";}"
336,"Diabetic Nephropathy",diabetic-nephropathy,"Reiki|Past life Regression|Theta Healing|Homeopathy","a:4:{i:0;s:1:""8"";i:1;s:2:""75"";i:2;s:2:""12"";i:3;s:2:""86"";}"
337,"Hypertensive Nephropathy",hypertensive-nephropathy,"Past life Regression|Theta Healing|Homeopathy","a:3:{i:0;s:2:""75"";i:1;s:2:""12"";i:2;s:2:""86"";}"
338,Diabetes,diabetes,"DNA Activation|Preeti Siddhi|Family Constellation|Inner Child Healing|Ayurveda|Homeopathy|Nutritionist|Reiki|Past life Regression|Theta Healing","a:10:{i:0;s:2:""18"";i:1;s:2:""26"";i:2;s:4:""1174"";i:3;s:3:""134"";i:4;s:2:""85"";i:5;s:2:""86"";i:6;s:3:""148"";i:7;s:1:""8"";i:8;s:2:""75"";i:9;s:2:""12"";}"
339,"Hormonal imbalance",hormonal-imbalance,"Pranic Healing|ELECTRO REFLEX ENERGIZER|Foot De-tox|Kundalini Activation|EFT|Rebirthing|Hatha Yoga|Vinyasa Yoga|Ashtanga Yoga|Iyengar Yoga|Inner Child Healing|Past life Regression|Homeopathy|Reiki|Theta Healing","a:15:{i:0;s:1:""7"";i:1;s:3:""163"";i:2;s:4:""1009"";i:3;s:2:""17"";i:4;s:3:""989"";i:5;s:3:""124"";i:6;s:2:""27"";i:7;s:2:""10"";i:8;s:2:""28"";i:9;s:2:""29"";i:10;s:3:""134"";i:11;s:2:""75"";i:12;s:2:""86"";i:13;s:1:""8"";i:14;s:2:""12"";}"
340,Hyperthyroid,hyperthyroid,"Acupressure|Reflexology|Meditation|Rebirthing|Hatha Yoga|Vinyasa Yoga|Ashtanga Yoga|Iyengar Yoga|Crystal Bowl|Ayurveda|Past life Regression|Reiki|Kundalini Activation|Preeti Siddhi|Past life Regression|Inner Child Healing|Homeopathy|Reiki|Theta Healing","a:19:{i:0;s:3:""942"";i:1;s:3:""100"";i:2;s:2:""60"";i:3;s:3:""124"";i:4;s:2:""27"";i:5;s:2:""10"";i:6;s:2:""28"";i:7;s:2:""29"";i:8;i:1177;i:9;s:2:""85"";i:10;s:2:""75"";i:11;s:1:""8"";i:12;s:2:""17"";i:13;s:2:""26"";i:14;s:2:""75"";i:15;s:3:""134"";i:16;s:2:""86"";i:17;s:1:""8"";i:18;s:2:""12"";}"
341,Hypothyroid,hypothyroid,"Acupressure|Reflexology|Meditation|Rebirthing|Hatha Yoga|Vinyasa Yoga|Ashtanga Yoga|Iyengar Yoga|Crystal Bowl|Ayurveda|Past life Regression|Reiki|Kundalini Activation|Preeti Siddhi|Past life Regression|Inner Child Healing|Homeopathy|Reiki|Homeopathy","a:19:{i:0;s:3:""942"";i:1;s:3:""100"";i:2;s:2:""60"";i:3;s:3:""124"";i:4;s:2:""27"";i:5;s:2:""10"";i:6;s:2:""28"";i:7;s:2:""29"";i:8;s:4:""1177"";i:9;s:2:""85"";i:10;s:2:""75"";i:11;s:1:""8"";i:12;s:2:""17"";i:13;s:2:""26"";i:14;s:2:""75"";i:15;s:3:""134"";i:16;s:2:""86"";i:17;s:1:""8"";i:18;s:2:""86"";}"
342,"Graves disease",graves-disease,"Past life Regression|Theta Healing|Homeopathy","a:3:{i:0;s:2:""75"";i:1;s:2:""12"";i:2;s:2:""86"";}"
343,"Solitary Nodule of thyroid",solitary-nodule-of-thyroid,"Reiki|Past life Regression|Theta Healing|Homeopathy","a:4:{i:0;s:1:""8"";i:1;s:2:""75"";i:2;s:2:""12"";i:3;s:2:""86"";}"
344,Goitre,goitre,"Past life Regression|Theta Healing|Homeopathy","a:3:{i:0;s:2:""75"";i:1;s:2:""12"";i:2;s:2:""86"";}"
345,"DIABETES MELLITUS",diabetes-mellitus,"Past life Regression|Inner Child Healing|Theta Healing|Homeopathy","a:4:{i:0;s:2:""75"";i:1;s:3:""134"";i:2;s:2:""12"";i:3;s:2:""86"";}"
346,Hyperadrenalism,hyperadrenalism,"Reiki|Past life Regression|Theta Healing|Homeopathy","a:4:{i:0;s:1:""8"";i:1;s:2:""75"";i:2;s:2:""12"";i:3;s:2:""86"";}"
347,"Addison's disease",addisons-disease,,
348,"Pituitary disorders",pituitary-disorders,"Past life Regression|Inner Child Healing|Reiki|Theta Healing|Homeopathy","a:5:{i:0;s:2:""75"";i:1;s:3:""134"";i:2;s:1:""8"";i:3;s:2:""12"";i:4;s:2:""86"";}"
349,Hypoparathyroidism,hypoparathyroidism,"Kundalini Activation|Past life Regression|Theta Healing|Homeopathy","a:4:{i:0;s:2:""17"";i:1;s:2:""75"";i:2;s:2:""12"";i:3;s:2:""86"";}"
350,Tetany,tetany,"Past life Regression|Inner Child Healing|Theta Healing|Homeopathy","a:4:{i:0;s:2:""75"";i:1;s:3:""134"";i:2;s:2:""12"";i:3;s:2:""86"";}"
351,"High blood pressure",high-blood-pressure,,
352,Arrhythmia,arrhythmia,"Child 4|Child 4|Child 4",a:3:{i:0;i:1183;i:1;i:1183;i:2;i:1183;}
353,"Coronary artery disease",coronary-artery-disease,Child2|Child2|Child2|Child2|Child2|Child2|Child2|Child2|Child2|Child2,a:10:{i:0;i:1171;i:1;i:1171;i:2;i:1171;i:3;i:1171;i:4;i:1171;i:5;i:1171;i:6;i:1171;i:7;i:1171;i:8;i:1171;i:9;i:1171;}
354,"Congenital heart disease",congenital-heart-disease,"Past life Regression|Inner Child Healing|Theta Healing|Homeopathy|Family Constellation","a:5:{i:0;s:2:""75"";i:1;s:3:""134"";i:2;s:2:""12"";i:3;s:2:""86"";i:4;s:4:""1174"";}"
355,"Ischaemia (angina/infarct)",ischaemia-angina-infarct,"Past life Regression|Inner Child Healing|Theta Healing|Homeopathy|Family Constellation","a:5:{i:0;s:2:""75"";i:1;s:3:""134"";i:2;s:2:""12"";i:3;s:2:""86"";i:4;s:4:""1174"";}"
356,"Acute Coronary Syndrome",acute-coronary-syndrome,"Theta Healing","a:1:{i:0;s:2:""12"";}"
357,"Angina/Angina Pectoris",angina-angina-pectoris,"Homeopathy|Meditation|Reiki|Past life Regression|Theta Healing|Family Constellation","a:6:{i:0;s:2:""86"";i:1;s:2:""60"";i:2;s:1:""8"";i:3;s:2:""75"";i:4;s:2:""12"";i:5;s:4:""1174"";}"
358,"Atrial Fibrillation (AF)",atrial-fibrillation-af,,
359,"Atrial Septal Defect (ASD)",atrial-septal-defect-asd,"Past life Regression|Theta Healing|Homeopathy|Family Constellation","a:4:{i:0;s:2:""75"";i:1;s:2:""12"";i:2;s:2:""86"";i:3;s:4:""1174"";}"
360,"Bradycardia (Arrhythmia )",bradycardia-arrhythmia,Reiki,"a:1:{i:0;s:1:""8"";}"
361,"Cardiogenic Shock",cardiogenic-shock,"Past life Regression|Theta Healing|Homeopathy|Family Constellation","a:4:{i:0;s:2:""75"";i:1;s:2:""12"";i:2;s:2:""86"";i:3;s:4:""1174"";}"
362,Cardiomyopathy,cardiomyopathy,"Past life Regression|Theta Healing|Homeopathy|Family Constellation","a:4:{i:0;s:2:""75"";i:1;s:2:""12"";i:2;s:2:""86"";i:3;s:4:""1174"";}"
363,"Carotid Artery Disease / Carotid Artery Stenosis",carotid-artery-disease-carotid-artery-stenosis,Reiki,"a:1:{i:0;s:1:""8"";}"
364,"Chest Pain ( Angina )",chest-pain-angina,Homeopathy|Meditation,"a:2:{i:0;s:2:""86"";i:1;s:2:""60"";}"
365,Stroke,stroke,"Past life Regression|Theta Healing|Homeopathy|Family Constellation","a:4:{i:0;s:2:""75"";i:1;s:2:""12"";i:2;s:2:""86"";i:3;s:4:""1174"";}"
366,"Congestive Heart Failure (CHF)",congestive-heart-failure-chf,"Past life Regression|Theta Healing|Homeopathy|Family Constellation","a:4:{i:0;s:2:""75"";i:1;s:2:""12"";i:2;s:2:""86"";i:3;s:4:""1174"";}"
367,"Coronary Artery Disease (CAD)",coronary-artery-disease-cad,"Homeopathy|Meditation|Past life Regression|Theta Healing|Family Constellation","a:5:{i:0;s:2:""86"";i:1;s:2:""60"";i:2;s:2:""75"";i:3;s:2:""12"";i:4;s:4:""1174"";}"
368,"Dilated Cardiomyopathy",dilated-cardiomyopathy,"Past life Regression|Theta Healing|Homeopathy|Family Constellation","a:4:{i:0;s:2:""75"";i:1;s:2:""12"";i:2;s:2:""86"";i:3;s:4:""1174"";}"
369,Endocarditis,endocarditis,"Kundalini Activation|Past life Regression|Theta Healing|Homeopathy|Family Constellation","a:5:{i:0;s:2:""17"";i:1;s:2:""75"";i:2;s:2:""12"";i:3;s:2:""86"";i:4;s:4:""1174"";}"
370,"Heart Block",heart-block,"Past life Regression|Theta Healing|Homeopathy|Family Constellation","a:4:{i:0;s:2:""75"";i:1;s:2:""12"";i:2;s:2:""86"";i:3;s:4:""1174"";}"
371,"Heart Murmur",heart-murmur,"Past life Regression|Theta Healing|Homeopathy|Family Constellation","a:4:{i:0;s:2:""75"";i:1;s:2:""12"";i:2;s:2:""86"";i:3;s:4:""1174"";}"
372,"Heart Valve Disease",heart-valve-disease,"Homeopathy|Meditation|Past life Regression|Theta Healing|Family Constellation","a:5:{i:0;s:2:""86"";i:1;s:2:""60"";i:2;s:2:""75"";i:3;s:2:""12"";i:4;s:4:""1174"";}"
373,"High Cholesterol",high-cholesterol,,
374,"Hypertrophic Cardiomyopathy",hypertrophic-cardiomyopathy,"Past life Regression|Theta Healing|Homeopathy|Family Constellation","a:4:{i:0;s:2:""75"";i:1;s:2:""12"";i:2;s:2:""86"";i:3;s:4:""1174"";}"
375,"Mitral Valve Prolapse",mitral-valve-prolapse,"Past life Regression|Theta Healing|Homeopathy|Family Constellation","a:4:{i:0;s:2:""75"";i:1;s:2:""12"";i:2;s:2:""86"";i:3;s:4:""1174"";}"
376,"Myocardial Infarction (MI)",myocardial-infarction-mi,"Past life Regression|Theta Healing|Homeopathy|Family Constellation","a:4:{i:0;s:2:""75"";i:1;s:2:""12"";i:2;s:2:""86"";i:3;s:4:""1174"";}"
377,"Peripheral Vascular Disease (PVD)",peripheral-vascular-disease-pvd,"Past life Regression|Theta Healing|Homeopathy|Family Constellation","a:4:{i:0;s:2:""75"";i:1;s:2:""12"";i:2;s:2:""86"";i:3;s:4:""1174"";}"
378,"Pulmonary Hypertension",pulmonary-hypertension,"Reiki|Past life Regression|Theta Healing|Homeopathy|Family Constellation","a:5:{i:0;s:1:""8"";i:1;s:2:""75"";i:2;s:2:""12"";i:3;s:2:""86"";i:4;s:4:""1174"";}"
379,"Rheumatic Heart Disease",rheumatic-heart-disease,"Reiki|Past life Regression|Theta Healing|Homeopathy|Family Constellation","a:5:{i:0;s:1:""8"";i:1;s:2:""75"";i:2;s:2:""12"";i:3;s:2:""86"";i:4;s:4:""1174"";}"
380,"Sinus Tachycardia",sinus-tachycardia,,
381,Arthritis,arthritis,"Reiki|Acupressure|Q LASER Q1000NG|Reflexology|Pranic Healing|ALFA HRV Analyzer|ES Complex|BIOFIELD READER|Resonant Field Imaging (RFI)|Quantum Resonance Magnetic Health Analyzer|EFT|Cranio Sacral Therapy|Preeti Siddhi|Hatha Yoga|Vinyasa Yoga|Ashtanga Yoga|Iyengar Yoga|Crystal Bowl|Physiotherapy|Dance Therapy|Reiki|Family Constellation|Theta Healing|Homeopathy|Q LASER Q1000NG","a:25:{i:0;s:1:""8"";i:1;s:3:""942"";i:2;s:3:""170"";i:3;s:3:""100"";i:4;s:1:""7"";i:5;s:3:""152"";i:6;s:3:""153"";i:7;s:3:""154"";i:8;s:3:""155"";i:9;s:3:""976"";i:10;s:3:""989"";i:11;s:4:""1011"";i:12;s:2:""26"";i:13;s:2:""27"";i:14;s:2:""10"";i:15;s:2:""28"";i:16;s:2:""29"";i:17;s:4:""1177"";i:18;s:3:""108"";i:19;s:2:""68"";i:20;s:1:""8"";i:21;s:4:""1174"";i:22;s:2:""12"";i:23;s:2:""86"";i:24;s:3:""170"";}"
382,Gout,gout,"Past life Regression|Inner Child Healing|Reiki|Family Constellation|Theta Healing|Homeopathy","a:6:{i:0;s:2:""75"";i:1;s:3:""134"";i:2;s:1:""8"";i:3;s:4:""1174"";i:4;s:2:""12"";i:5;s:2:""86"";}"
383,Osteoarthritis,osteoarthritis,"ALFA HRV Analyzer|ES Complex|BIOFIELD READER|Resonant Field Imaging (RFI)|Quantum Resonance Magnetic Health Analyzer|Pranic Healing|ELECTRO REFLEX ENERGIZER|Foot De-tox|Hatha Yoga|Vinyasa Yoga|Ashtanga Yoga|Iyengar Yoga|Preeti Siddhi|Past life Regression|Inner Child Healing|Physiotherapy|Dance Therapy|Reiki|Family Constellation|Theta Healing|Homeopathy|Q LASER Q1000NG","a:22:{i:0;s:3:""152"";i:1;s:3:""153"";i:2;s:3:""154"";i:3;s:3:""155"";i:4;s:3:""976"";i:5;s:1:""7"";i:6;s:3:""163"";i:7;s:4:""1009"";i:8;s:2:""27"";i:9;s:2:""10"";i:10;s:2:""28"";i:11;s:2:""29"";i:12;s:2:""26"";i:13;s:2:""75"";i:14;s:3:""134"";i:15;s:3:""108"";i:16;s:2:""68"";i:17;s:1:""8"";i:18;s:4:""1174"";i:19;s:2:""12"";i:20;s:2:""86"";i:21;s:3:""170"";}"
384,Osteoporosis,osteoporosis,"ALFA HRV Analyzer|ES Complex|BIOFIELD READER|Resonant Field Imaging (RFI)|Quantum Resonance Magnetic Health Analyzer|Hatha Yoga|Vinyasa Yoga|Ashtanga Yoga|Iyengar Yoga|Physiotherapy|Dance Therapy|Reiki|Family Constellation|Theta Healing|Homeopathy|Q LASER Q1000NG","a:16:{i:0;s:3:""152"";i:1;s:3:""153"";i:2;s:3:""154"";i:3;s:3:""155"";i:4;s:3:""976"";i:5;s:2:""27"";i:6;s:2:""10"";i:7;s:2:""28"";i:8;s:2:""29"";i:9;s:3:""108"";i:10;s:2:""68"";i:11;s:1:""8"";i:12;s:4:""1174"";i:13;s:2:""12"";i:14;s:2:""86"";i:15;s:3:""170"";}"
385,"Rheumatoid Arthritis",rheumatoid-arthritis,Reiki,"a:1:{i:0;s:1:""8"";}"
386,"Rheumatic Disorders",rheumatic-disorders,"Acupressure|ALFA HRV Analyzer|ES Complex|BIOFIELD READER|Resonant Field Imaging (RFI)|Quantum Resonance Magnetic Health Analyzer|EFT|Reiki|Pranic Healing|Preeti Siddhi|Physiotherapy|Dance Therapy|Reiki|Family Constellation|Theta Healing|Homeopathy","a:16:{i:0;s:3:""942"";i:1;s:3:""152"";i:2;s:3:""153"";i:3;s:3:""154"";i:4;s:3:""155"";i:5;s:3:""976"";i:6;s:3:""989"";i:7;s:1:""8"";i:8;s:1:""7"";i:9;s:2:""26"";i:10;s:3:""108"";i:11;s:2:""68"";i:12;s:1:""8"";i:13;s:4:""1174"";i:14;s:2:""12"";i:15;s:2:""86"";}"
387,"Frozen shoulder",frozen-shoulder,"Acupuncture|ALFA HRV Analyzer|ES Complex|BIOFIELD READER|Resonant Field Imaging (RFI)|Quantum Resonance Magnetic Health Analyzer|Angel Reading|Naturopathy|Past life Regression|Physiotherapy|Dance Therapy|Reiki|Family Constellation|Theta Healing|Homeopathy|Scenar Cosmodic Ex735Ag","a:16:{i:0;s:2:""92"";i:1;s:3:""152"";i:2;s:3:""153"";i:3;s:3:""154"";i:4;s:3:""155"";i:5;s:3:""976"";i:6;s:2:""36"";i:7;s:2:""84"";i:8;s:2:""75"";i:9;s:3:""108"";i:10;s:2:""68"";i:11;s:1:""8"";i:12;s:4:""1174"";i:13;s:2:""12"";i:14;s:2:""86"";i:15;s:3:""169"";}"
388,"Joint pain",joint-pain,"Scenar Cosmodic Ex735Ag|ALFA HRV Analyzer|ES Complex|BIOFIELD READER|Resonant Field Imaging (RFI)|Quantum Resonance Magnetic Health Analyzer|Q LASER Q1000NG|Access bars|Cranio Sacral Therapy|Angel Reading|Naturopathy|Ayurveda|Physiotherapy|Dance Therapy|Reiki|Family Constellation|Theta Healing|Homeopathy|Q LASER Q1000NG","a:19:{i:0;s:3:""169"";i:1;s:3:""152"";i:2;s:3:""153"";i:3;s:3:""154"";i:4;s:3:""155"";i:5;s:3:""976"";i:6;s:3:""170"";i:7;s:2:""14"";i:8;s:4:""1011"";i:9;s:2:""36"";i:10;s:2:""84"";i:11;s:2:""85"";i:12;s:3:""108"";i:13;s:2:""68"";i:14;s:1:""8"";i:15;s:4:""1174"";i:16;s:2:""12"";i:17;s:2:""86"";i:18;s:3:""170"";}"
389,Fractures,fractures,"Past life Regression|Inner Child Healing|Reiki","a:3:{i:0;s:2:""75"";i:1;s:3:""134"";i:2;s:1:""8"";}"
390,Fibromyalgia,fibromyalgia,"ALFA HRV Analyzer|ES Complex|BIOFIELD READER|Resonant Field Imaging (RFI)|Quantum Resonance Magnetic Health Analyzer|Bowen Therapy|Cranio Sacral Therapy|Hatha Yoga|Vinyasa Yoga|Ashtanga Yoga|Iyengar Yoga|Angel Reading|Naturopathy|Family Constellation|Past life Regression|Physiotherapy|Dance Therapy|Reiki|Theta Healing|Homeopathy|Scenar Cosmodic Ex735Ag","a:21:{i:0;s:3:""152"";i:1;s:3:""153"";i:2;s:3:""154"";i:3;s:3:""155"";i:4;s:3:""976"";i:5;s:3:""102"";i:6;s:4:""1011"";i:7;s:2:""27"";i:8;s:2:""10"";i:9;s:2:""28"";i:10;s:2:""29"";i:11;s:2:""36"";i:12;s:2:""84"";i:13;s:4:""1174"";i:14;s:2:""75"";i:15;s:3:""108"";i:16;s:2:""68"";i:17;s:1:""8"";i:18;s:2:""12"";i:19;s:2:""86"";i:20;s:3:""169"";}"
391,"Traumatic arthritis",traumatic-arthritis,"Reiki|Family Constellation|Theta Healing|Homeopathy","a:4:{i:0;s:1:""8"";i:1;s:4:""1174"";i:2;s:2:""12"";i:3;s:2:""86"";}"
392,"Reactive Arthritis",reactive-arthritis,"Reiki|Family Constellation|Theta Healing|Homeopathy","a:4:{i:0;s:1:""8"";i:1;s:4:""1174"";i:2;s:2:""12"";i:3;s:2:""86"";}"
393,"Reiter's Syndrome",reiters-syndrome,"Reiki|Family Constellation|Theta Healing|Homeopathy","a:4:{i:0;s:1:""8"";i:1;s:4:""1174"";i:2;s:2:""12"";i:3;s:2:""86"";}"
394,"Sjogren's Syndrome",sjogrens-syndrome,"Child 4|Child 4|Child 4",a:3:{i:0;i:1183;i:1;i:1183;i:2;i:1183;}
395,"Prolapse Intervertebral Disc",prolapse-intervertebral-disc,"Reiki|Family Constellation|Theta Healing|Homeopathy","a:4:{i:0;s:1:""8"";i:1;s:4:""1174"";i:2;s:2:""12"";i:3;s:2:""86"";}"
396,"Chronic Fatigue Syndrome",chronic-fatigue-syndrome,"Reiki|Family Constellation|Theta Healing|Homeopathy","a:4:{i:0;s:1:""8"";i:1;s:4:""1174"";i:2;s:2:""12"";i:3;s:2:""86"";}"
397,"Lupus / SLE ( Systemic Lupus Erythematosus)",lupus-sle-systemic-lupus-erythematosus,"Silver Pulser|ELECTRO REFLEX ENERGIZER|Foot De-tox|FA Infra Sauna|I - float|Bio Tuner|Past life Regression|Family Constellation|Theta Healing|Homeopathy","a:10:{i:0;s:4:""1008"";i:1;s:3:""163"";i:2;s:4:""1009"";i:3;s:4:""1010"";i:4;s:3:""166"";i:5;s:3:""167"";i:6;s:2:""75"";i:7;s:4:""1174"";i:8;s:2:""12"";i:9;s:2:""86"";}"
398,Asthma,asthma,"Reiki|Acupressure|Nambudripad's Allergy Elimination Technique|Pranic Healing|EFT|Cranio Sacral Therapy|Preeti Siddhi|Pranayama|Hatha Yoga|Vinyasa Yoga|Ashtanga Yoga|Iyengar Yoga|Inner Child Healing|Past life Regression|Theta Healing|Homeopathy","a:16:{i:0;s:1:""8"";i:1;s:3:""942"";i:2;s:4:""1050"";i:3;s:1:""7"";i:4;s:3:""989"";i:5;s:4:""1011"";i:6;s:2:""26"";i:7;s:3:""125"";i:8;s:2:""27"";i:9;s:2:""10"";i:10;s:2:""28"";i:11;s:2:""29"";i:12;s:3:""134"";i:13;s:2:""75"";i:14;s:2:""12"";i:15;s:2:""86"";}"
399,Bronchitis,bronchitis,"Acupressure|Reflexology|Cranio Sacral Therapy|Pranayama|Inner Child Healing|Past life Regression|EFT|Reiki|Theta Healing|Homeopathy","a:10:{i:0;s:3:""942"";i:1;s:3:""100"";i:2;s:4:""1011"";i:3;s:3:""125"";i:4;s:3:""134"";i:5;s:2:""75"";i:6;s:3:""989"";i:7;s:1:""8"";i:8;s:2:""12"";i:9;s:2:""86"";}"
400,COPD,copd,Child2|Child2|Child2|Child2|Child2|Child2|Child2|Child2|Child2,a:9:{i:0;i:1171;i:1;i:1171;i:2;i:1171;i:3;i:1171;i:4;i:1171;i:5;i:1171;i:6;i:1171;i:7;i:1171;i:8;i:1171;}
401,Emphysema,emphysema,"Pranayama|EFT|Theta Healing|Homeopathy","a:4:{i:0;s:3:""125"";i:1;s:3:""989"";i:2;s:2:""12"";i:3;s:2:""86"";}"
402,"Smoking cessation",smoking-cessation,"DNA Activation|EFT|Pranayama|Hatha Yoga|Vinyasa Yoga|Ashtanga Yoga|Iyengar Yoga|Ayurveda|Hypnotherapy|Reiki|Theta Healing|Homeopathy","a:12:{i:0;s:2:""18"";i:1;s:3:""989"";i:2;s:3:""125"";i:3;s:2:""27"";i:4;s:2:""10"";i:5;s:2:""28"";i:6;s:2:""29"";i:7;s:2:""85"";i:8;s:2:""54"";i:9;s:1:""8"";i:10;s:2:""12"";i:11;s:2:""86"";}"
403,Sarcoidosis,sarcoidosis,"Silver Pulser|ELECTRO REFLEX ENERGIZER|Foot De-tox|FA Infra Sauna|I - float|Bio Tuner|Ayurveda|Theta Healing|Homeopathy","a:9:{i:0;s:4:""1008"";i:1;s:3:""163"";i:2;s:4:""1009"";i:3;s:4:""1010"";i:4;s:3:""166"";i:5;s:3:""167"";i:6;s:2:""85"";i:7;s:2:""12"";i:8;s:2:""86"";}"
404,"Pulmonary Eosinophilia",pulmonary-eosinophilia,"Theta Healing|Homeopathy","a:2:{i:0;s:2:""12"";i:1;s:2:""86"";}"
405,"Interstitial Lung Disease",interstitial-lung-disease,,
406,"Bronchial Asthma",bronchial-asthma,"Reiki|Theta Healing|Homeopathy","a:3:{i:0;s:1:""8"";i:1;s:2:""12"";i:2;s:2:""86"";}"
407,"Platelet problems",platelet-problems,,
408,"Coagulation Disorders",coagulation-disorders,"Past life Regression|Inner Child Healing|Theta Healing|Homeopathy","a:4:{i:0;s:2:""75"";i:1;s:3:""134"";i:2;s:2:""12"";i:3;s:2:""86"";}"
409,"Erectile Dysfunction",erectile-dysfunction,"Pranic Healing|Ayurveda|Past life Regression|Hypnotherapy|Theta Healing|Homeopathy|Inner Child Healing|Past life Regression","a:8:{i:0;s:1:""7"";i:1;s:2:""85"";i:2;s:2:""75"";i:3;s:2:""54"";i:4;s:2:""12"";i:5;s:2:""86"";i:6;s:3:""134"";i:7;s:2:""75"";}"
410,"Sexual Dysfunction – Male",sexual-dysfunction-male,"Rebirthing|Inner Child Healing|Theta Healing|Homeopathy|Inner Child Healing|Past life Regression","a:6:{i:0;s:3:""124"";i:1;s:3:""134"";i:2;s:2:""12"";i:3;s:2:""86"";i:4;s:3:""134"";i:5;s:2:""75"";}"
411,"Prostate problems",prostate-problems,"Silver Pulser|ELECTRO REFLEX ENERGIZER|Foot De-tox|FA Infra Sauna|I - float|Bio Tuner|Past life Regression|Inner Child Healing|Homeopathy|Angel Reading|Naturopathy|Meditation|Rebirthing|Conscious Parenting Counselor|Theta Healing","a:15:{i:0;s:4:""1008"";i:1;s:3:""163"";i:2;s:4:""1009"";i:3;s:4:""1010"";i:4;s:3:""166"";i:5;s:3:""167"";i:6;s:2:""75"";i:7;s:3:""134"";i:8;s:2:""86"";i:9;s:2:""36"";i:10;s:2:""84"";i:11;s:2:""60"";i:12;s:3:""124"";i:13;s:3:""144"";i:14;s:2:""12"";}"
412,Varicocele,varicocele,"Theta Healing|Homeopathy|Inner Child Healing|Past life Regression","a:4:{i:0;s:2:""12"";i:1;s:2:""86"";i:2;s:3:""134"";i:3;s:2:""75"";}"
413,Hydrocoele,hydrocoele,"Theta Healing|Homeopathy|Inner Child Healing|Past life Regression","a:4:{i:0;s:2:""12"";i:1;s:2:""86"";i:2;s:3:""134"";i:3;s:2:""75"";}"
414,"Oligozoospermia and Azoospermia ( Low / No Sperm Count )",oligozoospermia-and-azoospermia-low-no-sperm-count,,
415,Cancer,cancer,"Biogenealogy|Rebirthing|Psychic Surgery|Preeti Siddhi|Dolphin Healing Network|Angel Reading|Naturopathy|Family Constellation|Inner Child Healing|Past life Regression|Homeopathy|Reiki|Life Between Lives","a:13:{i:0;s:2:""99"";i:1;s:3:""124"";i:2;s:2:""24"";i:3;s:2:""26"";i:4;s:3:""139"";i:5;s:2:""36"";i:6;s:2:""84"";i:7;s:4:""1174"";i:8;s:3:""134"";i:9;s:2:""75"";i:10;s:2:""86"";i:11;s:1:""8"";i:12;s:2:""79"";}"
416,"Breast cancer",breast-cancer,"Angel Reading|Naturopathy|Homeopathy|Inner Child Healing|Reiki|Past life Regression|Family Constellation|Life Between Lives","a:8:{i:0;s:2:""36"";i:1;s:2:""84"";i:2;s:2:""86"";i:3;s:3:""134"";i:4;s:1:""8"";i:5;s:2:""75"";i:6;s:4:""1174"";i:7;s:2:""79"";}"
417,"Prostate cancer",prostate-cancer,"Angel Reading|Naturopathy|Homeopathy|Inner Child Healing|Reiki|Past life Regression|Family Constellation|Life Between Lives","a:8:{i:0;s:2:""36"";i:1;s:2:""84"";i:2;s:2:""86"";i:3;s:3:""134"";i:4;s:1:""8"";i:5;s:2:""75"";i:6;s:4:""1174"";i:7;s:2:""79"";}"
418,"Melanoma ( skin cancer)",melanoma-skin-cancer,Child2|Child2,a:2:{i:0;i:1171;i:1;i:1171;}
419,"Colon cancer",colon-cancer,"Angel Reading|Naturopathy|Homeopathy|Inner Child Healing|Reiki|Past life Regression|Family Constellation|Life Between Lives","a:8:{i:0;s:2:""36"";i:1;s:2:""84"";i:2;s:2:""86"";i:3;s:3:""134"";i:4;s:1:""8"";i:5;s:2:""75"";i:6;s:4:""1174"";i:7;s:2:""79"";}"
420,"Lung cancer",lung-cancer,"Angel Reading|Naturopathy|Homeopathy|Inner Child Healing|Reiki|Past life Regression|Family Constellation|Life Between Lives","a:8:{i:0;s:2:""36"";i:1;s:2:""84"";i:2;s:2:""86"";i:3;s:3:""134"";i:4;s:1:""8"";i:5;s:2:""75"";i:6;s:4:""1174"";i:7;s:2:""79"";}"
421,"Lymphoma Hodgkins And Non Hodgkins Lymphoma",lymphoma-hodgkins-and-non-hodgkins-lymphoma,,
422,Leukemia,leukemia,"Angel Reading|Naturopathy|Past life Regression|Inner Child Healing|Homeopathy|Reiki|Family Constellation|Life Between Lives","a:8:{i:0;s:2:""36"";i:1;s:2:""84"";i:2;s:2:""75"";i:3;s:3:""134"";i:4;s:2:""86"";i:5;s:1:""8"";i:6;s:4:""1174"";i:7;s:2:""79"";}"
423,"Bladder Cancer",bladder-cancer,"Angel Reading|Naturopathy|Past life Regression|Inner Child Healing|Homeopathy|Reiki|Family Constellation|Life Between Lives","a:8:{i:0;s:2:""36"";i:1;s:2:""84"";i:2;s:2:""75"";i:3;s:3:""134"";i:4;s:2:""86"";i:5;s:1:""8"";i:6;s:4:""1174"";i:7;s:2:""79"";}"
424,"Pancreatic Cancer",pancreatic-cancer,"Angel Reading|Naturopathy|Homeopathy|Inner Child Healing|Reiki|Past life Regression|Family Constellation|Life Between Lives","a:8:{i:0;s:2:""36"";i:1;s:2:""84"";i:2;s:2:""86"";i:3;s:3:""134"";i:4;s:1:""8"";i:5;s:2:""75"";i:6;s:4:""1174"";i:7;s:2:""79"";}"
425,"Thyroid Cancer",thyroid-cancer,"Angel Reading|Naturopathy|Homeopathy|Inner Child Healing|Reiki|Past life Regression|Family Constellation|Life Between Lives","a:8:{i:0;s:2:""36"";i:1;s:2:""84"";i:2;s:2:""86"";i:3;s:3:""134"";i:4;s:1:""8"";i:5;s:2:""75"";i:6;s:4:""1174"";i:7;s:2:""79"";}"
426,"Kidney Renal Cell Cancer",kidney-renal-cell-cancer,"Angel Reading|Naturopathy|Homeopathy|Inner Child Healing|Reiki|Past life Regression|Family Constellation|Life Between Lives","a:8:{i:0;s:2:""36"";i:1;s:2:""84"";i:2;s:2:""86"";i:3;s:3:""134"";i:4;s:1:""8"";i:5;s:2:""75"";i:6;s:4:""1174"";i:7;s:2:""79"";}"
427,"Pituitary Tumor",pituitary-tumor,"Reiki|Past life Regression|Family Constellation|Life Between Lives","a:4:{i:0;s:1:""8"";i:1;s:2:""75"";i:2;s:4:""1174"";i:3;s:2:""79"";}"
428,PCOS,pcos,"Acupressure|Rebirthing|Hatha Yoga|Vinyasa Yoga|Ashtanga Yoga|Iyengar Yoga|Preeti Siddhi|Family Constellation|Inner Child Healing|Past life Regression|Hypnotherapy|NLP|Homeopathy|Theta Healing","a:14:{i:0;s:3:""942"";i:1;s:3:""124"";i:2;s:2:""27"";i:3;s:2:""10"";i:4;s:2:""28"";i:5;s:2:""29"";i:6;s:2:""26"";i:7;s:4:""1174"";i:8;s:3:""134"";i:9;s:2:""75"";i:10;s:2:""54"";i:11;i:1178;i:12;s:2:""86"";i:13;s:2:""12"";}"
429,PCOD,pcod,"Rebirthing|Family Constellation|Inner Child Healing|Ayurveda|Past life Regression|Hypnotherapy|NLP|Homeopathy|Theta Healing","a:9:{i:0;s:3:""124"";i:1;s:4:""1174"";i:2;s:3:""134"";i:3;s:2:""85"";i:4;s:2:""75"";i:5;s:2:""54"";i:6;s:4:""1178"";i:7;s:2:""86"";i:8;s:2:""12"";}"
430,"Sexual Dysfunction - Female",sexual-dysfunction-female,"Rebirthing|Family Constellation|Inner Child Healing|Past life Regression|Hypnotherapy|NLP|Homeopathy|Theta Healing","a:8:{i:0;s:3:""124"";i:1;s:4:""1174"";i:2;s:3:""134"";i:3;s:2:""75"";i:4;s:2:""54"";i:5;s:4:""1178"";i:6;s:2:""86"";i:7;s:2:""12"";}"
431,"Menstrual Pain/Menopause",menstrual-pain-menopause,"Reiki|Acupressure|Pranic Healing|Bowen Therapy|EFT|Rebirthing|Family Constellation|Preeti Siddhi|Angel Reading|Naturopathy|Inner Child Healing|Ayurveda|Past life Regression|Hypnotherapy|NLP|Homeopathy|Theta Healing","a:17:{i:0;s:1:""8"";i:1;s:3:""942"";i:2;s:1:""7"";i:3;s:3:""102"";i:4;s:3:""989"";i:5;s:3:""124"";i:6;s:4:""1174"";i:7;s:2:""26"";i:8;s:2:""36"";i:9;s:2:""84"";i:10;s:3:""134"";i:11;s:2:""85"";i:12;s:2:""75"";i:13;s:2:""54"";i:14;s:4:""1178"";i:15;s:2:""86"";i:16;s:2:""12"";}"
432,Dysmenorrhoea,dysmenorrhoea,"Past life Regression|Inner Child Healing|Theta Healing|Homeopathy","a:4:{i:0;s:2:""75"";i:1;s:3:""134"";i:2;s:2:""12"";i:3;s:2:""86"";}"
433,Menorrhagia,menorrhagia,"Past life Regression|Inner Child Healing|Theta Healing|Homeopathy","a:4:{i:0;s:2:""75"";i:1;s:3:""134"";i:2;s:2:""12"";i:3;s:2:""86"";}"
434,"Uterine Fibroids",uterine-fibroids,"Reiki|Theta Healing|Homeopathy","a:3:{i:0;s:1:""8"";i:1;s:2:""12"";i:2;s:2:""86"";}"
435,Endometriosis,endometriosis,"Theta Healing|Homeopathy","a:2:{i:0;s:2:""12"";i:1;s:2:""86"";}"
436,"Ovarian Cysts",ovarian-cysts,"Reiki|Theta Healing|Homeopathy","a:3:{i:0;s:1:""8"";i:1;s:2:""12"";i:2;s:2:""86"";}"
437,"PREGNANCY &amp; LABOUR DIFFICULTIES",pregnancy-labour-difficulties,"Past life Regression|Inner Child Healing|Reiki|Theta Healing|Homeopathy","a:5:{i:0;s:2:""75"";i:1;s:3:""134"";i:2;s:1:""8"";i:3;s:2:""12"";i:4;s:2:""86"";}"
438,"DUB ( Dysfunctional Uterine Bleeding )",dub-dysfunctional-uterine-bleeding,"Theta Healing|Homeopathy","a:2:{i:0;s:2:""12"";i:1;s:2:""86"";}"
439,"Pre Menopausal Syndrome",pre-menopausal-syndrome,"Reiki|Theta Healing|Homeopathy","a:3:{i:0;s:1:""8"";i:1;s:2:""12"";i:2;s:2:""86"";}"
440,"Post Menopausal Syndrome",post-menopausal-syndrome,"Reiki|Theta Healing|Homeopathy","a:3:{i:0;s:1:""8"";i:1;s:2:""12"";i:2;s:2:""86"";}"
441,"Cancers – Cervix , Endometrium",cancers-cervix-endometrium,"Reiki|Theta Healing|Homeopathy","a:3:{i:0;s:1:""8"";i:1;s:2:""12"";i:2;s:2:""86"";}"
442,"Infertility ( Primary &amp; Secondary )",infertility-primary-secondary,"Access bars|Past life Regression|Hypnotherapy|Reiki|Theta Healing|Homeopathy","a:6:{i:0;s:2:""14"";i:1;s:2:""75"";i:2;s:2:""54"";i:3;s:1:""8"";i:4;s:2:""12"";i:5;s:2:""86"";}"
443,Dandruff,dandruff,"Scenar Cosmodic Ex735Ag|Q LASER Q1000NG|Magnetic Pulsar|Ayurveda|Conscious Parenting Counselor|Theta Healing|Homeopathy|Past life Regression","a:8:{i:0;s:3:""169"";i:1;s:3:""170"";i:2;s:4:""1055"";i:3;s:2:""85"";i:4;s:3:""144"";i:5;s:2:""12"";i:6;s:2:""86"";i:7;s:2:""75"";}"
444,Eczema,eczema,"Scenar Cosmodic Ex735Ag|Q LASER Q1000NG|Magnetic Pulsar|Past life Regression|Inner Child Healing|Conscious Parenting Counselor|Reiki|Theta Healing|Homeopathy","a:9:{i:0;s:3:""169"";i:1;s:3:""170"";i:2;s:4:""1055"";i:3;s:2:""75"";i:4;s:3:""134"";i:5;s:3:""144"";i:6;s:1:""8"";i:7;s:2:""12"";i:8;s:2:""86"";}"
445,"Thinning hair / hair loss",thinning-hair-hair-loss,"Scenar Cosmodic Ex735Ag|Q LASER Q1000NG|Magnetic Pulsar|Conscious Parenting Counselor|Reiki|Theta Healing|Homeopathy|Past life Regression","a:8:{i:0;s:3:""169"";i:1;s:3:""170"";i:2;s:4:""1055"";i:3;s:3:""144"";i:4;s:1:""8"";i:5;s:2:""12"";i:6;s:2:""86"";i:7;s:2:""75"";}"
446,Dermatitis,dermatitis,"Scenar Cosmodic Ex735Ag|Q LASER Q1000NG|Magnetic Pulsar|Nambudripad's Allergy Elimination Technique|Past life Regression|Inner Child Healing|Conscious Parenting Counselor|Theta Healing|Homeopathy","a:9:{i:0;s:3:""169"";i:1;s:3:""170"";i:2;s:4:""1055"";i:3;s:4:""1050"";i:4;s:2:""75"";i:5;s:3:""134"";i:6;s:3:""144"";i:7;s:2:""12"";i:8;s:2:""86"";}"
447,Acne,acne,"Theta Healing|Child2",a:2:{i:0;i:12;i:9;i:1171;}
448,"Skin rashes",skin-rashes,"Scenar Cosmodic Ex735Ag|Q LASER Q1000NG|Magnetic Pulsar|Access bars|Conscious Parenting Counselor|Reiki|Theta Healing|Homeopathy|Past life Regression","a:9:{i:0;s:3:""169"";i:1;s:3:""170"";i:2;s:4:""1055"";i:3;s:2:""14"";i:4;s:3:""144"";i:5;s:1:""8"";i:6;s:2:""12"";i:7;s:2:""86"";i:8;s:2:""75"";}"
449,"Facial Rejuvenation",facial-rejuvenation,"Scenar Cosmodic Ex735Ag|Q LASER Q1000NG|Magnetic Pulsar|Rebirthing|Conscious Parenting Counselor|Theta Healing|Homeopathy|Past life Regression","a:8:{i:0;s:3:""169"";i:1;s:3:""170"";i:2;s:4:""1055"";i:3;s:3:""124"";i:4;s:3:""144"";i:5;s:2:""12"";i:6;s:2:""86"";i:7;s:2:""75"";}"
450,Anti-aging,anti-aging,"Child 4",a:1:{i:0;i:1183;}
451,Psoriasis,psoriasis,"Nambudripad's Allergy Elimination Technique|Rebirthing|Preeti Siddhi|Ayurveda|Past life Regression|Inner Child Healing|Conscious Parenting Counselor|Reiki|Theta Healing|Homeopathy|Past life Regression|Scenar Cosmodic Ex735Ag","a:12:{i:0;s:4:""1050"";i:1;s:3:""124"";i:2;s:2:""26"";i:3;s:2:""85"";i:4;s:2:""75"";i:5;s:3:""134"";i:6;s:3:""144"";i:7;s:1:""8"";i:8;s:2:""12"";i:9;s:2:""86"";i:10;s:2:""75"";i:11;s:3:""169"";}"
452,Cysts,cysts,"Rebirthing|Inner Child Healing|Past life Regression|Reiki|Theta Healing|Homeopathy|Past life Regression","a:7:{i:0;s:3:""124"";i:1;s:3:""134"";i:2;s:2:""75"";i:3;s:1:""8"";i:4;s:2:""12"";i:5;s:2:""86"";i:6;s:2:""75"";}"
453,"Allergic Dermatitis",allergic-dermatitis,"Theta Healing|Theta Healing|Theta Healing|Theta Healing|Theta Healing|Theta Healing|Theta Healing|Theta Healing|Theta Healing|Theta Healing",a:10:{i:0;i:12;i:1;i:12;i:2;i:12;i:3;i:12;i:4;i:12;i:5;i:12;i:6;i:12;i:7;i:12;i:8;i:12;i:9;i:12;}
454,"Contact Dermatitis",contact-dermatitis,"Past life Regression|Inner Child Healing|Reiki|Theta Healing|Homeopathy","a:5:{i:0;s:2:""75"";i:1;s:3:""134"";i:2;s:1:""8"";i:3;s:2:""12"";i:4;s:2:""86"";}"
455,Keloids,keloids,"Past life Regression|Inner Child Healing|Theta Healing|Homeopathy","a:4:{i:0;s:2:""75"";i:1;s:3:""134"";i:2;s:2:""12"";i:3;s:2:""86"";}"
456,"Lichen planus",lichen-planus,"Past life Regression|Inner Child Healing|Theta Healing|Homeopathy","a:4:{i:0;s:2:""75"";i:1;s:3:""134"";i:2;s:2:""12"";i:3;s:2:""86"";}"
457,Moles/naevi,moles-naevi,"Past life Regression|Inner Child Healing|Theta Healing|Homeopathy","a:4:{i:0;s:2:""75"";i:1;s:3:""134"";i:2;s:2:""12"";i:3;s:2:""86"";}"
458,Neurodermatitis,neurodermatitis,"Past life Regression|Inner Child Healing|Theta Healing|Homeopathy","a:4:{i:0;s:2:""75"";i:1;s:3:""134"";i:2;s:2:""12"";i:3;s:2:""86"";}"
459,Warts,warts,Child2,a:1:{i:0;i:1171;}
460,Vitiligo,vitiligo,"Past life Regression|Inner Child Healing|Theta Healing|Homeopathy","a:4:{i:0;s:2:""75"";i:1;s:3:""134"";i:2;s:2:""12"";i:3;s:2:""86"";}"
461,Urticaria,urticaria,"Past life Regression|Inner Child Healing|Reiki|Theta Healing|Homeopathy","a:5:{i:0;s:2:""75"";i:1;s:3:""134"";i:2;s:1:""8"";i:3;s:2:""12"";i:4;s:2:""86"";}"
462,Suppurations,suppurations,"Past life Regression|Inner Child Healing","a:2:{i:0;s:2:""75"";i:1;s:3:""134"";}"
463,Scabies,scabies,"Past life Regression|Inner Child Healing|Theta Healing|Homeopathy","a:4:{i:0;s:2:""75"";i:1;s:3:""134"";i:2;s:2:""12"";i:3;s:2:""86"";}"
464,"Fungal infection – Tinea Cruris",fungal-infection-tinea-cruris,"Theta Healing|Homeopathy|Past life Regression","a:3:{i:0;s:2:""12"";i:1;s:2:""86"";i:2;s:2:""75"";}"
465,"Seborrhoeic Dermatitis",seborrhoeic-dermatitis,"Theta Healing|Homeopathy|Past life Regression","a:3:{i:0;s:2:""12"";i:1;s:2:""86"";i:2;s:2:""75"";}"
466,"Pompholyx Eczema",pompholyx-eczema,"Theta Healing|Homeopathy|Past life Regression","a:3:{i:0;s:2:""12"";i:1;s:2:""86"";i:2;s:2:""75"";}"
467,"Steven Johnson Syndrome",steven-johnson-syndrome,"Theta Healing|Homeopathy|Past life Regression","a:3:{i:0;s:2:""12"";i:1;s:2:""86"";i:2;s:2:""75"";}"
468,Pemphigus,pemphigus,"Theta Healing|Homeopathy|Past life Regression","a:3:{i:0;s:2:""12"";i:1;s:2:""86"";i:2;s:2:""75"";}"
469,"Immune disorder",immune-disorder,"Silver Pulser|ELECTRO REFLEX ENERGIZER|Foot De-tox|FA Infra Sauna|I - float|Bio Tuner|Rebirthing|Preeti Siddhi|Angel Reading|Naturopathy|Inner Child Healing|Past life Regression|Reiki|Q LASER Q1000NG","a:14:{i:0;s:4:""1008"";i:1;s:3:""163"";i:2;s:4:""1009"";i:3;s:4:""1010"";i:4;s:3:""166"";i:5;s:3:""167"";i:6;s:3:""124"";i:7;s:2:""26"";i:8;s:2:""36"";i:9;s:2:""84"";i:10;s:3:""134"";i:11;s:2:""75"";i:12;s:1:""8"";i:13;s:3:""170"";}"
470,"Ulcerative Colitis",ulcerative-colitis,Reiki,"a:1:{i:0;s:1:""8"";}"
471,Sinusitis,sinusitis,"Cranio Sacral Therapy|Pranayama|Preeti Siddhi|Ayurveda|Past life Regression|Inner Child Healing|Reiki|Scenar Cosmodic Ex735Ag|Q LASER Q1000NG","a:9:{i:0;s:4:""1011"";i:1;s:3:""125"";i:2;s:2:""26"";i:3;s:2:""85"";i:4;s:2:""75"";i:5;s:3:""134"";i:6;s:1:""8"";i:7;s:3:""169"";i:8;s:3:""170"";}"
472,"Sleep Apnea",sleep-apnea,"Child 4|Child 4|Child 4|Child 4",a:4:{i:0;i:1183;i:1;i:1183;i:2;i:1183;i:3;i:1183;}
473,"Allergic Rhinitis",allergic-rhinitis,"Pranic Healing",a:1:{i:0;i:7;}
474,Allergies,allergies,"Nambudripad's Allergy Elimination Technique",a:1:{i:0;i:1050;}
475,"Nose Hemorrhages (Epistaxis)",nose-hemorrhages-epistaxis,"Past life Regression|Inner Child Healing|Reiki","a:3:{i:0;s:2:""75"";i:1;s:3:""134"";i:2;s:1:""8"";}"
476,Tonsilitis,tonsilitis,"Past life Regression|Inner Child Healing|Reiki","a:3:{i:0;s:2:""75"";i:1;s:3:""134"";i:2;s:1:""8"";}"
477,Pharyngitis,pharyngitis,Reiki,"a:1:{i:0;s:1:""8"";}"
478,"Adenoids in children",adenoids-in-children,Reiki,"a:1:{i:0;s:1:""8"";}"
479,Polyps,polyps,,
480,"Tooth caries",tooth-caries,"Acupressure|Scenar Cosmodic Ex735Ag|Q LASER Q1000NG|Magnetic Pulsar|Angel Reading|Naturopathy|Hypnotherapy","a:7:{i:0;s:3:""942"";i:1;s:3:""169"";i:2;s:3:""170"";i:3;s:4:""1055"";i:4;s:2:""36"";i:5;s:2:""84"";i:6;s:2:""54"";}"
481,Dyslipidemia,dyslipidemia,,
482,"Nutrition – Malnutrition, Poor weight gain",nutrition-malnutrition-poor-weight-gain,"A Test therapy|A Test therapy|A Test therapy",a:3:{i:0;i:1169;i:1;i:1169;i:2;i:1169;}
483,Obesity,obesity,"Access bars|Rebirthing|Hatha Yoga|Vinyasa Yoga|Ashtanga Yoga|Iyengar Yoga|Inner Child Healing|Ayurveda|Past life Regression|Hypnotherapy|Family Constellation|Reiki","a:12:{i:0;s:2:""14"";i:1;s:3:""124"";i:2;s:2:""27"";i:3;s:2:""10"";i:4;s:2:""28"";i:5;s:2:""29"";i:6;s:3:""134"";i:7;s:2:""85"";i:8;s:2:""75"";i:9;s:2:""54"";i:10;s:4:""1174"";i:11;s:1:""8"";}"
484,"Muscular dystrophy",muscular-dystrophy,"Preeti Siddhi|Hatha Yoga|Vinyasa Yoga|Ashtanga Yoga|Iyengar Yoga|Homeopathy|Reiki","a:7:{i:0;s:2:""26"";i:1;s:2:""27"";i:2;s:2:""10"";i:3;s:2:""28"";i:4;s:2:""29"";i:5;s:2:""86"";i:6;s:1:""8"";}"
485,Hypotonia,hypotonia,"Cranio Sacral Therapy|Homeopathy|Reiki","a:3:{i:0;s:4:""1011"";i:1;s:2:""86"";i:2;s:1:""8"";}"
486,Hyperactivity,hyperactivity,"Cranio Sacral Therapy|Homeopathy|Reiki","a:3:{i:0;s:4:""1011"";i:1;s:2:""86"";i:2;s:1:""8"";}"
487,"Conjunctivitis / Eye infections",conjunctivitis-eye-infections,"Silver Pulser|Angel Reading|Naturopathy|Homeopathy|Reiki","a:5:{i:0;s:4:""1008"";i:1;s:2:""36"";i:2;s:2:""84"";i:3;s:2:""86"";i:4;s:1:""8"";}"
488,Cold,cold,"Pranic Healing|Access bars|Homeopathy|Reiki","a:4:{i:0;s:1:""7"";i:1;s:2:""14"";i:2;s:2:""86"";i:3;s:1:""8"";}"
489,"Sore throat",sore-throat,Ayurveda|Homeopathy|Reiki,"a:3:{i:0;s:2:""85"";i:1;s:2:""86"";i:2;s:1:""8"";}"
490,"Stomach Flu",stomach-flu,"Angel Reading|Naturopathy|Homeopathy|Reiki","a:4:{i:0;s:2:""36"";i:1;s:2:""84"";i:2;s:2:""86"";i:3;s:1:""8"";}"
491,Diarrhea,diarrhea,Ayurveda|Homeopathy|Reiki,"a:3:{i:0;s:2:""85"";i:1;s:2:""86"";i:2;s:1:""8"";}"
492,"Ear infections",ear-infections,Homeopathy|Reiki,"a:2:{i:0;s:2:""86"";i:1;s:1:""8"";}"
493,Dyslexia,dyslexia,"Pranic Healing|Access bars|Homeopathy|Reiki","a:4:{i:0;s:1:""7"";i:1;s:2:""14"";i:2;s:2:""86"";i:3;s:1:""8"";}"
494,"CONGENITAL ABNORMALITIES",congenital-abnormalities,"Past life Regression|Inner Child Healing|Reiki","a:3:{i:0;s:2:""75"";i:1;s:3:""134"";i:2;s:1:""8"";}"
495,Adenoids,adenoids,"|Theta Healing|Child2|Accupressure|Dance Therapy|Physiotherapy|Nutritionist|Family Constellation|Somatic Experience|Cranio Sacral Therapy|Rebirthing|Mind mapping|Crystal Healing|Inner Child Healing|Reiki|Past life Regression|Hypnotherapy",a:17:{i:0;N;i:1;i:12;i:2;i:1171;i:3;i:91;i:4;i:68;i:5;i:108;i:6;i:148;i:7;i:1174;i:8;i:107;i:9;i:1011;i:10;i:124;i:11;i:72;i:12;i:13;i:13;i:134;i:14;i:8;i:15;i:75;i:16;i:54;}
496,Measles,measles,"Past life Regression|Inner Child Healing|Reiki","a:3:{i:0;s:2:""75"";i:1;s:3:""134"";i:2;s:1:""8"";}"
497,Mumps,mumps,"Past life Regression|Inner Child Healing|Reiki","a:3:{i:0;s:2:""75"";i:1;s:3:""134"";i:2;s:1:""8"";}"
498,"Recurrent Infections",recurrent-infections,"Past life Regression|Inner Child Healing|Reiki","a:3:{i:0;s:2:""75"";i:1;s:3:""134"";i:2;s:1:""8"";}"
499,"Chicken Pox",chicken-pox,"Past life Regression|Inner Child Healing","a:2:{i:0;s:2:""75"";i:1;s:3:""134"";}"
500,Enuresis,enuresis,"Past life Regression|Inner Child Healing","a:2:{i:0;s:2:""75"";i:1;s:3:""134"";}"
501,Pneumonia,pneumonia,"Past life Regression|Inner Child Healing","a:2:{i:0;s:2:""75"";i:1;s:3:""134"";}"
502,Worms,worms,Child2|Child2,a:2:{i:0;i:1171;i:1;i:1171;}
503,Malnutrition,malnutrition,"Past life Regression|Inner Child Healing","a:2:{i:0;s:2:""75"";i:1;s:3:""134"";}"
504,Otitis,otitis,"Past life Regression|Inner Child Healing|Reiki","a:3:{i:0;s:2:""75"";i:1;s:3:""134"";i:2;s:1:""8"";}"
505,Injury,injury,"Scenar Cosmodic Ex735Ag|Q LASER Q1000NG|Magnetic Pulsar|Bowen Therapy|Cranio Sacral Therapy|Homeopathy|Reiki","a:7:{i:0;s:3:""169"";i:1;s:3:""170"";i:2;s:4:""1055"";i:3;s:3:""102"";i:4;s:4:""1011"";i:5;s:2:""86"";i:6;s:1:""8"";}"
506,Trauma,trauma,"Past life Regression|Inner Child Healing|Reiki","a:3:{i:0;s:2:""75"";i:1;s:3:""134"";i:2;s:1:""8"";}"
507,"Ankylosing Spondylosis",ankylosing-spondylosis,"Hatha Yoga|Vinyasa Yoga|Ashtanga Yoga|Iyengar Yoga|Reiki|Preeti Siddhi|Scenar Cosmodic Ex735Ag|Q LASER Q1000NG|Magnetic Pulsar|Past life Regression|Inner Child Healing|Homeopathy","a:12:{i:0;s:2:""27"";i:1;s:2:""10"";i:2;s:2:""28"";i:3;s:2:""29"";i:4;s:1:""8"";i:5;s:2:""26"";i:6;s:3:""169"";i:7;s:3:""170"";i:8;s:4:""1055"";i:9;s:2:""75"";i:10;s:3:""134"";i:11;s:2:""86"";}"
508,"Prolapsed Disc",prolapsed-disc,Reiki,"a:1:{i:0;s:1:""8"";}"
509,"Cervical/ Lumbar Spondylosis",cervical-lumbar-spondylosis,"Hatha Yoga|Vinyasa Yoga|Ashtanga Yoga|Iyengar Yoga|Reiki|Preeti Siddhi|Scenar Cosmodic Ex735Ag|Q LASER Q1000NG|Magnetic Pulsar|Past life Regression|Inner Child Healing|Reiki","a:12:{i:0;s:2:""27"";i:1;s:2:""10"";i:2;s:2:""28"";i:3;s:2:""29"";i:4;s:1:""8"";i:5;s:2:""26"";i:6;s:3:""169"";i:7;s:3:""170"";i:8;s:4:""1055"";i:9;s:2:""75"";i:10;s:3:""134"";i:11;s:1:""8"";}"
510,Sciatica,sciatica,"Acupressure|Bowen Therapy|EFT|Cranio Sacral Therapy|Reiki|Pranic Healing|Preeti Siddhi|Homeopathy|Dance Therapy|Reiki|Q LASER Q1000NG","a:11:{i:0;s:3:""942"";i:1;s:3:""102"";i:2;s:3:""989"";i:3;s:4:""1011"";i:4;s:1:""8"";i:5;s:1:""7"";i:6;s:2:""26"";i:7;s:2:""86"";i:8;s:2:""68"";i:9;s:1:""8"";i:10;s:3:""170"";}"
511,"Back Pain",back-pain,"ELECTRO REFLEX ENERGIZER|ELECTRO REFLEX ENERGIZER|ELECTRO REFLEX ENERGIZER|ELECTRO REFLEX ENERGIZER|ELECTRO REFLEX ENERGIZER",a:5:{i:0;i:163;i:1;i:163;i:2;i:163;i:3;i:163;i:4;i:163;}
512,"Chronic Neck &amp; Shoulder pain",chronic-neck-shoulder-pain,"Acupressure|Reflexology|Cranio Sacral Therapy|Bowen Therapy|Hatha Yoga|Vinyasa Yoga|Ashtanga Yoga|Iyengar Yoga|Angel Reading|Naturopathy|Ayurveda|Preeti Siddhi|Past life Regression|Meditation|Reiki|Q LASER Q1000NG","a:16:{i:0;s:3:""942"";i:1;s:3:""100"";i:2;s:4:""1011"";i:3;s:3:""102"";i:4;s:2:""27"";i:5;s:2:""10"";i:6;s:2:""28"";i:7;s:2:""29"";i:8;s:2:""36"";i:9;s:2:""84"";i:10;s:2:""85"";i:11;s:2:""26"";i:12;s:2:""75"";i:13;s:2:""60"";i:14;s:1:""8"";i:15;s:3:""170"";}"
513,Accidents,accidents,"Accupressure|Inner Child Healing|Reiki|Past life Regression|Bach Flower Remedies|Air Ion Counter|Neuro-Linguistic Programming Therapy (NLP)|Didgeridoo|Kriya yoga|Kundalini Yoga","a:10:{i:0;s:2:""91"";i:1;s:3:""134"";i:2;s:1:""8"";i:3;s:2:""75"";i:4;s:2:""87"";i:5;s:3:""180"";i:6;s:3:""129"";i:7;s:2:""83"";i:8;s:2:""33"";i:9;s:2:""30"";}"
514,Burns,burns,"Past life Regression|Inner Child Healing|Reiki","a:3:{i:0;s:2:""75"";i:1;s:3:""134"";i:2;s:1:""8"";}"
515,Bites,bites,Child2|Child2|Child2|Child2|Child2|Child2|Child2,a:7:{i:0;i:1171;i:1;i:1171;i:2;i:1171;i:3;i:1171;i:4;i:1171;i:5;i:1171;i:6;i:1171;}
516,"Contused Lacerated wounds",contused-lacerated-wounds,"Past life Regression|Inner Child Healing|Reiki","a:3:{i:0;s:2:""75"";i:1;s:3:""134"";i:2;s:1:""8"";}"
517,Jaundice,jaundice,Homeopathy|Reiki,"a:2:{i:0;s:2:""86"";i:1;s:1:""8"";}"
518,"Swine flu",swine-flu,"Reiki|Acupressure|Pranic Healing|EFT|Preeti Siddhi|Homeopathy","a:6:{i:0;s:1:""8"";i:1;s:3:""942"";i:2;s:1:""7"";i:3;s:3:""989"";i:4;s:2:""26"";i:5;s:2:""86"";}"
519,Dengue,dengue,"Pranic Healing|Access bars|Homeopathy|Reiki","a:4:{i:0;s:1:""7"";i:1;s:2:""14"";i:2;s:2:""86"";i:3;s:1:""8"";}"
520,Malaria,malaria,"Past life Regression|Inner Child Healing|Homeopathy|Reiki","a:4:{i:0;s:2:""75"";i:1;s:3:""134"";i:2;s:2:""86"";i:3;s:1:""8"";}"
521,Typhoid,typhoid,"Past life Regression|Inner Child Healing|Homeopathy|Reiki","a:4:{i:0;s:2:""75"";i:1;s:3:""134"";i:2;s:2:""86"";i:3;s:1:""8"";}"
522,Fever,fever,"Bowen Therapy|Cranio Sacral Therapy|Ayurveda|Homeopathy|Reiki","a:5:{i:0;s:3:""102"";i:1;s:4:""1011"";i:2;s:2:""85"";i:3;s:2:""86"";i:4;s:1:""8"";}"
523,Infections,infections,Homeopathy|Reiki,"a:2:{i:0;s:2:""86"";i:1;s:1:""8"";}"
524,Carbuncles,carbuncles,"Silver Pulser|Past life Regression|Inner Child Healing","a:3:{i:0;s:4:""1008"";i:1;s:2:""75"";i:2;s:3:""134"";}"
525,Gangrenes,gangrenes,Child2,a:1:{i:0;i:1171;}
526,Influenza,influenza,"Past life Regression|Inner Child Healing|Reiki","a:3:{i:0;s:2:""75"";i:1;s:3:""134"";i:2;s:1:""8"";}"
527,Tuberculosis,tuberculosis,"Past life Regression|Inner Child Healing|Reiki","a:3:{i:0;s:2:""75"";i:1;s:3:""134"";i:2;s:1:""8"";}"
528,"Sexual desire disorders",sexual-desire-disorders,"Past life Regression|Hypnobirthing","a:2:{i:0;s:2:""75"";i:1;s:2:""76"";}"
529,"Sexual arousal disorders",sexual-arousal-disorders,"Past life Regression|Hypnobirthing","a:2:{i:0;s:2:""75"";i:1;s:2:""76"";}"
530,"Premature ejaculation",premature-ejaculation,"Past life Regression|Hypnobirthing","a:2:{i:0;s:2:""75"";i:1;s:2:""76"";}"
531,"Orgasm disorders",orgasm-disorders,"Past life Regression|Hypnobirthing","a:2:{i:0;s:2:""75"";i:1;s:2:""76"";}"
532,"Sexual pain disorders",sexual-pain-disorders,"Past life Regression|Hypnobirthing","a:2:{i:0;s:2:""75"";i:1;s:2:""76"";}"
533,"Post-orgasmic diseases",post-orgasmic-diseases,"Past life Regression|Hypnobirthing","a:2:{i:0;s:2:""75"";i:1;s:2:""76"";}"
534,"Pelvic Floor Dysfunction",pelvic-floor-dysfunction,"Past life Regression|Hypnobirthing","a:2:{i:0;s:2:""75"";i:1;s:2:""76"";}"
535,"Female and Male Orgasmic Disorders",female-and-male-orgasmic-disorders,,
536,"Gender identity disorder",gender-identity-disorder,"DNA Activation|Past life Regression|Hypnobirthing","a:3:{i:0;s:2:""18"";i:1;s:2:""75"";i:2;s:2:""76"";}"
537,ADHD,adhd,Reflexology|Reflexology|Reflexology,a:3:{i:0;i:100;i:1;i:100;i:2;i:100;}
538,AHD,ahd,"Dance Therapy|Dance Therapy",a:2:{i:0;i:68;i:1;i:68;}
539,"Alzheimer's Disease",alzheimers-disease,"|Theta Healing|Child2|Accupressure|Dance Therapy|Physiotherapy|Nutritionist|Family Constellation|Somatic Experience|Cranio Sacral Therapy|Rebirthing|Mind mapping|Crystal Healing|Inner Child Healing|Reiki|Past life Regression|Chanting|Energy Healing|Hypnotherapy",a:19:{i:0;N;i:1;i:12;i:2;i:1171;i:3;i:91;i:4;i:68;i:5;i:108;i:6;i:148;i:7;i:1174;i:8;i:107;i:9;i:1011;i:10;i:124;i:11;i:72;i:12;i:13;i:13;i:134;i:14;i:8;i:15;i:75;i:16;i:62;i:17;i:4;i:18;i:54;}
540,Epilepsy,epilepsy,"Reiki|Acupressure|Pranic Healing|EFT|Hatha Yoga|Vinyasa Yoga|Ashtanga Yoga|Iyengar Yoga|Preeti Siddhi|Past life Regression|Inner Child Healing|Homeopathy|Dance Therapy|Reiki","a:14:{i:0;s:1:""8"";i:1;s:3:""942"";i:2;s:1:""7"";i:3;s:3:""989"";i:4;s:2:""27"";i:5;s:2:""10"";i:6;s:2:""28"";i:7;s:2:""29"";i:8;s:2:""26"";i:9;s:2:""75"";i:10;s:3:""134"";i:11;s:2:""86"";i:12;s:2:""68"";i:13;s:1:""8"";}"
541,"Multiple Sclerosis",multiple-sclerosis,"Preeti Siddhi|Homeopathy|Dance Therapy|Reiki","a:4:{i:0;s:2:""26"";i:1;s:2:""86"";i:2;s:2:""68"";i:3;s:1:""8"";}"
542,"Parkinson's disease",parkinsons-disease,"DNA Activation|Preeti Siddhi|Homeopathy|Dance Therapy|Reiki","a:5:{i:0;s:2:""18"";i:1;s:2:""26"";i:2;s:2:""86"";i:3;s:2:""68"";i:4;s:1:""8"";}"
543,Autism,autism,"Cranio Sacral Therapy|Crystal Bowl|Homeopathy|Dance Therapy","a:4:{i:0;s:4:""1011"";i:1;s:4:""1177"";i:2;s:2:""86"";i:3;s:2:""68"";}"
544,Vertigo,vertigo,"Pranayama|Ayurveda|Homeopathy|Dance Therapy|Reiki","a:5:{i:0;s:3:""125"";i:1;s:2:""85"";i:2;s:2:""86"";i:3;s:2:""68"";i:4;s:1:""8"";}"
545,"Nerve and muscle disorders",nerve-and-muscle-disorders,,
546,"Movement disorder - Cerebellar Ataxia",movement-disorder-cerebellar-ataxia,"Homeopathy|Dance Therapy","a:2:{i:0;s:2:""86"";i:1;s:2:""68"";}"
547,"Cerebral Palsy",cerebral-palsy,"Accupressure|Dance Therapy|Cranio Sacral Therapy|Somatic Experience|Rebirthing|Nutritionist|Hypnotherapy|Homeopathy",a:8:{i:0;i:91;i:1;i:68;i:2;i:1011;i:3;i:107;i:4;i:124;i:5;i:148;i:6;i:54;i:7;i:86;}
548,"Headache Tension",headache-tension,"Past life Regression|Inner Child Healing|Reiki","a:3:{i:0;s:2:""75"";i:1;s:3:""134"";i:2;s:1:""8"";}"
549,"Headache Cluster",headache-cluster,"Past life Regression|Inner Child Healing","a:2:{i:0;s:2:""75"";i:1;s:3:""134"";}"
550,"Periodic Headaches",periodic-headaches,"Acupressure|Reflexology|Bowen Therapy|EFT|Cranio Sacral Therapy|Reiki|Preeti Siddhi|Past life Regression|Hypnotherapy|NeuroSky MindWave &amp; Mind Workstation|Inner Child Healing|Heartmath emWave Pro|BrainTap Mind Machine|EMOTIV Epoc+|Mindfold Relaxation Mask|Pranayama|Conscious Parenting Counselor","a:17:{i:0;s:3:""942"";i:1;s:3:""100"";i:2;s:3:""102"";i:3;s:3:""989"";i:4;s:4:""1011"";i:5;s:1:""8"";i:6;s:2:""26"";i:7;s:2:""75"";i:8;s:2:""54"";i:9;i:1179;i:10;s:3:""134"";i:11;s:3:""173"";i:12;s:3:""174"";i:13;s:3:""175"";i:14;s:3:""176"";i:15;s:3:""125"";i:16;s:3:""144"";}"
551,"Twitches – Intentional tremors",twitches-intentional-tremors,"Past life Regression|Inner Child Healing|Reiki","a:3:{i:0;s:2:""75"";i:1;s:3:""134"";i:2;s:1:""8"";}"
552,Tics,tics,"Past life Regression|Inner Child Healing|Reiki","a:3:{i:0;s:2:""75"";i:1;s:3:""134"";i:2;s:1:""8"";}"
553,Jerks,jerks,"Past life Regression|Inner Child Healing|Reiki","a:3:{i:0;s:2:""75"";i:1;s:3:""134"";i:2;s:1:""8"";}"
554,Convulsions,convulsions,"Past life Regression|Inner Child Healing","a:2:{i:0;s:2:""75"";i:1;s:3:""134"";}"
555,Migraines,migraines,Meditation|Meditation|Meditation|Meditation|Meditation|Meditation|Meditation|Meditation|Meditation|Meditation|Meditation,a:11:{i:0;i:60;i:1;i:60;i:2;i:60;i:3;i:60;i:4;i:60;i:5;i:60;i:6;i:60;i:7;i:60;i:8;i:60;i:9;i:60;i:10;i:60;}
556,"Anxiety Disorders",anxiety-disorders,"ELECTRO REFLEX ENERGIZER|ELECTRO REFLEX ENERGIZER|ELECTRO REFLEX ENERGIZER|ELECTRO REFLEX ENERGIZER|ELECTRO REFLEX ENERGIZER|ELECTRO REFLEX ENERGIZER",a:6:{i:0;i:163;i:1;i:163;i:2;i:163;i:3;i:163;i:4;i:163;i:5;i:163;}
557,"Clinical Depression",clinical-depression,"ELECTRO REFLEX ENERGIZER|ELECTRO REFLEX ENERGIZER|ELECTRO REFLEX ENERGIZER|ELECTRO REFLEX ENERGIZER|ELECTRO REFLEX ENERGIZER|ELECTRO REFLEX ENERGIZER|ELECTRO REFLEX ENERGIZER",a:7:{i:0;i:163;i:1;i:163;i:2;i:163;i:3;i:163;i:4;i:163;i:5;i:163;i:6;i:163;}
558,"Depression with Psychotic features",depression-with-psychotic-features,"ELECTRO REFLEX ENERGIZER|ELECTRO REFLEX ENERGIZER|ELECTRO REFLEX ENERGIZER|ELECTRO REFLEX ENERGIZER|ELECTRO REFLEX ENERGIZER|ELECTRO REFLEX ENERGIZER|ELECTRO REFLEX ENERGIZER|ELECTRO REFLEX ENERGIZER",a:8:{i:0;i:163;i:1;i:163;i:2;i:163;i:3;i:163;i:4;i:163;i:5;i:163;i:6;i:163;i:7;i:163;}
559,"Manic Depressive Psychosis ( MDP )",manic-depressive-psychosis-mdp,"Past life Regression|Inner Child Healing","a:2:{i:0;s:2:""75"";i:1;s:3:""134"";}"
560,Insomnia,insomnia,"ELECTRO REFLEX ENERGIZER|ELECTRO REFLEX ENERGIZER|ELECTRO REFLEX ENERGIZER|ELECTRO REFLEX ENERGIZER|ELECTRO REFLEX ENERGIZER|ELECTRO REFLEX ENERGIZER|ELECTRO REFLEX ENERGIZER|ELECTRO REFLEX ENERGIZER|ELECTRO REFLEX ENERGIZER",a:9:{i:0;i:163;i:1;i:163;i:2;i:163;i:3;i:163;i:4;i:163;i:5;i:163;i:6;i:163;i:7;i:163;i:8;i:163;}
561,"Substance Abuse ( Addictions)",substance-abuse-addictions,"NeuroSky MindWave &amp; Mind Workstation|Heartmath emWave Pro|BrainTap Mind Machine|EMOTIV Epoc+|Mindfold Relaxation Mask|EFT|Hatha Yoga|Vinyasa Yoga|Ashtanga Yoga|Iyengar Yoga|Pranayama|Preeti Siddhi|Reiki|Q LASER Q1000NG","a:14:{i:0;s:4:""1179"";i:1;s:3:""173"";i:2;s:3:""174"";i:3;s:3:""175"";i:4;s:3:""176"";i:5;s:3:""989"";i:6;s:2:""27"";i:7;s:2:""10"";i:8;s:2:""28"";i:9;s:2:""29"";i:10;s:3:""125"";i:11;s:2:""26"";i:12;s:1:""8"";i:13;s:3:""170"";}"
562,"Fear &amp; Belief in Destructive Dark Energies",fear-belief-in-destructive-dark-energies,"Acupressure|NeuroSky MindWave &amp; Mind Workstation|Heartmath emWave Pro|BrainTap Mind Machine|EMOTIV Epoc+|Mindfold Relaxation Mask|EFT|Family Constellation|Preeti Siddhi|Inner Child Healing|Past life Regression|Homeopathy|Reiki","a:13:{i:0;s:3:""942"";i:1;s:4:""1179"";i:2;s:3:""173"";i:3;s:3:""174"";i:4;s:3:""175"";i:5;s:3:""176"";i:6;s:3:""989"";i:7;s:4:""1174"";i:8;s:2:""26"";i:9;s:3:""134"";i:10;s:2:""75"";i:11;s:2:""86"";i:12;s:1:""8"";}"
563,"Fugue state",fugue-state,,
564,"Somatoform Disorder",somatoform-disorder,,
565,Hysteria,hysteria,"SE -5 1000 Scalar Energy","a:1:{i:0;s:4:""1058"";}"
566,"Anger Management",anger-management,"NeuroSky MindWave &amp; Mind Workstation|Heartmath emWave Pro|BrainTap Mind Machine|EMOTIV Epoc+|Mindfold Relaxation Mask|Sudarshan Kriya|NLHeal your life Program by Louise Hay|P9|Inner Child Healing|Past life Regression|Homeopathy|SE -5 1000 Scalar Energy|Bach Flower Remedies","a:13:{i:0;s:4:""1179"";i:1;s:3:""173"";i:2;s:3:""174"";i:3;s:3:""175"";i:4;s:3:""176"";i:5;s:3:""126"";i:6;i:1180;i:7;i:1181;i:8;s:3:""134"";i:9;s:2:""75"";i:10;s:2:""86"";i:11;s:4:""1058"";i:12;s:2:""87"";}"
567,"Birth Trauma",birth-trauma,"Acupressure|NeuroSky MindWave &amp; Mind Workstation|Heartmath emWave Pro|BrainTap Mind Machine|EMOTIV Epoc+|Mindfold Relaxation Mask|Rebirthing|Inner Child Healing|Past life Regression|Homeopathy","a:10:{i:0;s:3:""942"";i:1;s:4:""1179"";i:2;s:3:""173"";i:3;s:3:""174"";i:4;s:3:""175"";i:5;s:3:""176"";i:6;s:3:""124"";i:7;s:3:""134"";i:8;s:2:""75"";i:9;s:2:""86"";}"
568,Schizophrenia,schizophrenia,"NeuroSky MindWave &amp; Mind Workstation|Heartmath emWave Pro|BrainTap Mind Machine|EMOTIV Epoc+|Mindfold Relaxation Mask|Dream Analysis|Angel Reading|Naturopathy|Reiki","a:9:{i:0;s:4:""1179"";i:1;s:3:""173"";i:2;s:3:""174"";i:3;s:3:""175"";i:4;s:3:""176"";i:5;s:2:""42"";i:6;s:2:""36"";i:7;s:2:""84"";i:8;s:1:""8"";}"
569,"Dementia treatment",dementia-treatment,,
570,"Fear of Death/Disaster/Disease Post traumatic Stress Disorder PTSD",fear-of-death-disaster-disease-post-traumatic-stress-disorder-ptsd,,
571,"Suicidal Tendencies/ Behavior (Cognitive disorder)",suicidal-tendencies-behavior-cognitive-disorder,"Acupressure|NeuroSky MindWave &amp; Mind Workstation|Heartmath emWave Pro|BrainTap Mind Machine|EMOTIV Epoc+|Mindfold Relaxation Mask|EFT|Reiki|Pranic Healing|Preeti Siddhi|Reiki|Bach Flower Remedies","a:12:{i:0;s:3:""942"";i:1;s:4:""1179"";i:2;s:3:""173"";i:3;s:3:""174"";i:4;s:3:""175"";i:5;s:3:""176"";i:6;s:3:""989"";i:7;s:1:""8"";i:8;s:1:""7"";i:9;s:2:""26"";i:10;s:1:""8"";i:11;s:2:""87"";}"
572,"Memory improvement",memory-improvement,"NeuroSky MindWave &amp; Mind Workstation|Heartmath emWave Pro|BrainTap Mind Machine|EMOTIV Epoc+|Mindfold Relaxation Mask|Ayurveda|Hypnotherapy|Reiki","a:8:{i:0;s:4:""1179"";i:1;s:3:""173"";i:2;s:3:""174"";i:3;s:3:""175"";i:4;s:3:""176"";i:5;s:2:""85"";i:6;s:2:""54"";i:7;s:1:""8"";}"
573,"Personality disorders (Schizoid,Schizotypal, Dependent personality)",personality-disorders-schizoidschizotypal-dependent-personality,,
574,"Family Issues",family-issues,Child2|Child2|Child2|Child2|Child2|Child2|Child2|Child2|Child2|Child2|Child2|Child2|Child2,a:13:{i:0;i:1171;i:1;i:1171;i:2;i:1171;i:3;i:1171;i:4;i:1171;i:5;i:1171;i:6;i:1171;i:7;i:1171;i:8;i:1171;i:9;i:1171;i:10;i:1171;i:11;i:1171;i:12;i:1171;}
575,"Relationship Issues",relationship-issues,"Access bars|SE -5 1000 Scalar Energy|Rebirthing|Heal your life Program by Louise Hay|P9|Family Constellation|Inner Child Healing|Past life Regression|Reiki|Bach Flower Remedies","a:10:{i:0;s:2:""14"";i:1;s:4:""1058"";i:2;s:3:""124"";i:3;s:4:""1173"";i:4;s:4:""1181"";i:5;s:4:""1174"";i:6;s:3:""134"";i:7;s:2:""75"";i:8;s:1:""8"";i:9;s:2:""87"";}"
576,"Legal problems with business partners",legal-problems-with-business-partners,"SE -5 1000 Scalar Energy|Reiki","a:2:{i:0;s:4:""1058"";i:1;s:1:""8"";}"
577,"Trauma of Sudden Death",trauma-of-sudden-death,"SE -5 1000 Scalar Energy|Rebirthing|Family Constellation|Angel Reading|Naturopathy|Inner Child Healing|Past life Regression|Reiki|Bach Flower Remedies","a:9:{i:0;s:4:""1058"";i:1;s:3:""124"";i:2;s:4:""1174"";i:3;s:2:""36"";i:4;s:2:""84"";i:5;s:3:""134"";i:6;s:2:""75"";i:7;s:1:""8"";i:8;s:2:""87"";}"
578,"Trauma of Sexual abuse",trauma-of-sexual-abuse,"SE -5 1000 Scalar Energy|Angel Reading|Naturopathy|Reiki|Bach Flower Remedies","a:5:{i:0;s:4:""1058"";i:1;s:2:""36"";i:2;s:2:""84"";i:3;s:1:""8"";i:4;s:2:""87"";}"
579,"Postpartum depression",postpartum-depression,"SE -5 1000 Scalar Energy|Reiki|Bach Flower Remedies","a:3:{i:0;s:4:""1058"";i:1;s:1:""8"";i:2;s:2:""87"";}"
580,"Money issues",money-issues,"Access bars|SE -5 1000 Scalar Energy|Rebirthing|Family Constellation|Past life Regression|Reiki","a:6:{i:0;s:2:""14"";i:1;s:4:""1058"";i:2;s:3:""124"";i:3;s:4:""1174"";i:4;s:2:""75"";i:5;s:1:""8"";}"
581,"Terminal Illness",terminal-illness,"SE -5 1000 Scalar Energy|Reiki","a:2:{i:0;s:4:""1058"";i:1;s:1:""8"";}"
582,"Being the caregiver for a disabled / terminally ill relative",being-the-caregiver-for-a-disabled-terminally-ill-relative,,
583,"Mid-life crisis",mid-life-crisis,"SE -5 1000 Scalar Energy|Reiki","a:2:{i:0;s:4:""1058"";i:1;s:1:""8"";}"
584,Divorce,divorce,Child2|Child2|Child2|Child2|Child2|Child2|Child2|Child2|Child2|Child2|Child2,a:11:{i:0;i:1171;i:1;i:1171;i:2;i:1171;i:3;i:1171;i:4;i:1171;i:5;i:1171;i:6;i:1171;i:7;i:1171;i:8;i:1171;i:9;i:1171;i:10;i:1171;}
585,"Career issues",career-issues,"SE -5 1000 Scalar Energy|Family Constellation|Inner Child Healing|Past life Regression|Reiki","a:5:{i:0;s:4:""1058"";i:1;s:4:""1174"";i:2;s:3:""134"";i:3;s:2:""75"";i:4;s:1:""8"";}"
586,"Break up",break-up,"SE -5 1000 Scalar Energy|Past life Regression|Reiki|Bach Flower Remedies","a:4:{i:0;s:4:""1058"";i:1;s:2:""75"";i:2;s:1:""8"";i:3;s:2:""87"";}"
587,"Addiction Issues (Pan, Caffeine, Alcohol, Drugs, Tobacco chewing, Porn)",addiction-issues-pan-caffeine-alcohol-drugs-tobacco-chewing-porn,,
588,"Toxic work environment",toxic-work-environment,"SE -5 1000 Scalar Energy|Reiki","a:2:{i:0;s:4:""1058"";i:1;s:1:""8"";}"
589,"Litigation in work",litigation-in-work,"SE -5 1000 Scalar Energy|Family Constellation|Past life Regression|Reiki","a:4:{i:0;s:4:""1058"";i:1;s:4:""1174"";i:2;s:2:""75"";i:3;s:1:""8"";}"
590,"Serious accident",serious-accident,,
591,"Domestic violence",domestic-violence,"SE -5 1000 Scalar Energy|Meditation|Homeopathy|Reiki|Bach Flower Remedies","a:5:{i:0;s:4:""1058"";i:1;s:2:""60"";i:2;s:2:""86"";i:3;s:1:""8"";i:4;s:2:""87"";}"
592,"Feelings of de-motivation",feelings-of-de-motivation,,
593,"Emotional Fatigue",emotional-fatigue,"SE -5 1000 Scalar Energy|Cranio Sacral Therapy|Rebirthing|Family Constellation|Inner Child Healing|Past life Regression|Hypnotherapy|Meditation|Homeopathy|Reiki","a:10:{i:0;s:4:""1058"";i:1;s:4:""1011"";i:2;s:3:""124"";i:3;s:4:""1174"";i:4;s:3:""134"";i:5;s:2:""75"";i:6;s:2:""54"";i:7;s:2:""60"";i:8;s:2:""86"";i:9;s:1:""8"";}"
594,"Birth Defects",birth-defects,"SE -5 1000 Scalar Energy|Meditation|Homeopathy|Reiki","a:4:{i:0;s:4:""1058"";i:1;s:2:""60"";i:2;s:2:""86"";i:3;s:1:""8"";}"
595,"Chronic illnesses",chronic-illnesses,"Theta Healing|SE -5 1000 Scalar Energy|Meditation|Homeopathy|Reiki|Bach Flower Remedies","a:6:{i:0;s:2:""12"";i:1;s:4:""1058"";i:2;s:2:""60"";i:3;s:2:""86"";i:4;s:1:""8"";i:5;s:2:""87"";}"
596,Grief,grief,"Angel Reading|Naturopathy|Past life Regression|Meditation|Homeopathy|Reiki|SE -5 1000 Scalar Energy|Bach Flower Remedies","a:8:{i:0;s:2:""36"";i:1;s:2:""84"";i:2;s:2:""75"";i:3;s:2:""60"";i:4;s:2:""86"";i:5;s:1:""8"";i:6;s:4:""1058"";i:7;s:2:""87"";}"
597,Possessions,possessions,"Angel Reading|Naturopathy|Meditation|Homeopathy","a:4:{i:0;s:2:""36"";i:1;s:2:""84"";i:2;s:2:""60"";i:3;s:2:""86"";}"
598,"Natural calamities",natural-calamities,"Angel Reading|Naturopathy|Meditation|Homeopathy","a:4:{i:0;s:2:""36"";i:1;s:2:""84"";i:2;s:2:""60"";i:3;s:2:""86"";}"
599,"Violent Abuse",violent-abuse,"Angel Reading|Naturopathy|Meditation|Homeopathy|Reiki","a:5:{i:0;s:2:""36"";i:1;s:2:""84"";i:2;s:2:""60"";i:3;s:2:""86"";i:4;s:1:""8"";}"
600,"Organ Failure or Organ Damage or Organ Rejections post Transplant",organ-failure-or-organ-damage-or-organ-rejections-post-transplant,"Angel Reading|Naturopathy|Meditation|Homeopathy|Reiki|SE -5 1000 Scalar Energy","a:6:{i:0;s:2:""36"";i:1;s:2:""84"";i:2;s:2:""60"";i:3;s:2:""86"";i:4;s:1:""8"";i:5;s:4:""1058"";}"
601,"Black Magic",black-magic,Child2|Child2|Child2|Child2|Child2|Child2|Child2|Child2,a:8:{i:0;i:1171;i:1;i:1171;i:2;i:1171;i:3;i:1171;i:4;i:1171;i:5;i:1171;i:6;i:1171;i:7;i:1171;}
602,"Post Surgery",post-surgery,"Angel Reading|Naturopathy|Meditation|Homeopathy|Reiki|Bach Flower Remedies","a:6:{i:0;s:2:""36"";i:1;s:2:""84"";i:2;s:2:""60"";i:3;s:2:""86"";i:4;s:1:""8"";i:5;s:2:""87"";}"
603,"War related Issue",war-related-issue,,
604,"Rape Trauma",rape-trauma,"Angel Reading|Naturopathy|Meditation|Homeopathy|Reiki","a:5:{i:0;s:2:""36"";i:1;s:2:""84"";i:2;s:2:""60"";i:3;s:2:""86"";i:4;s:1:""8"";}"
605,"Ancestral Curses",ancestral-curses,"Angel Reading|Naturopathy|Meditation|Homeopathy|Reiki","a:5:{i:0;s:2:""36"";i:1;s:2:""84"";i:2;s:2:""60"";i:3;s:2:""86"";i:4;s:1:""8"";}"
606,"Trans-generational / Repetitive Pattern in Lineage",trans-generational-repetitive-pattern-in-lineage,"Family Constellation|Meditation|Homeopathy|Reiki","a:4:{i:0;s:4:""1174"";i:1;s:2:""60"";i:2;s:2:""86"";i:3;s:1:""8"";}"
607,"Space Clearing",space-clearing,"Meditation|Homeopathy|Reiki|SE -5 1000 Scalar Energy","a:4:{i:0;s:2:""60"";i:1;s:2:""86"";i:2;s:1:""8"";i:3;s:4:""1058"";}"
608,"Limiting Beliefs",limiting-beliefs,"Access bars|Meditation|Homeopathy|Reiki|SE -5 1000 Scalar Energy","a:5:{i:0;s:2:""14"";i:1;s:2:""60"";i:2;s:2:""86"";i:3;s:1:""8"";i:4;s:4:""1058"";}"
609,"Wounded inner child",wounded-inner-child,"Meditation|Homeopathy|Reiki|SE -5 1000 Scalar Energy","a:4:{i:0;s:2:""60"";i:1;s:2:""86"";i:2;s:1:""8"";i:3;s:4:""1058"";}"
610,"Childhood trauma",childhood-trauma,Meditation|Homeopathy|Reiki,"a:3:{i:0;s:2:""60"";i:1;s:2:""86"";i:2;s:1:""8"";}"
611,"Separation from mother/father",separation-from-mother-father,"Cranio Sacral Therapy|Meditation|Homeopathy|Reiki|SE -5 1000 Scalar Energy","a:5:{i:0;s:4:""1011"";i:1;s:2:""60"";i:2;s:2:""86"";i:3;s:1:""8"";i:4;s:4:""1058"";}"
612,Stress,stress,"Acupressure|ELECTRO REFLEX ENERGIZER|Foot De-tox|EFT|Hatha Yoga|Vinyasa Yoga|Ashtanga Yoga|Iyengar Yoga|Reiki|Inner Child Healing|Access bars|Preeti Siddhi|Pranic Healing|NeuroSky MindWave &amp; Mind Workstation|Heartmath emWave Pro|BrainTap Mind Machine|EMOTIV Epoc+|Mindfold Relaxation Mask|Rebirthing|Pranayama|Conscious Parenting Counselor|Reiki|SE -5 1000 Scalar Energy|Bach Flower Remedies","a:24:{i:0;s:3:""942"";i:1;s:3:""163"";i:2;s:4:""1009"";i:3;s:3:""989"";i:4;s:2:""27"";i:5;s:2:""10"";i:6;s:2:""28"";i:7;s:2:""29"";i:8;s:1:""8"";i:9;s:3:""134"";i:10;s:2:""14"";i:11;s:2:""26"";i:12;s:1:""7"";i:13;s:4:""1179"";i:14;s:3:""173"";i:15;s:3:""174"";i:16;s:3:""175"";i:17;s:3:""176"";i:18;s:3:""124"";i:19;s:3:""125"";i:20;s:3:""144"";i:21;s:1:""8"";i:22;s:4:""1058"";i:23;s:2:""87"";}"
613,"General ill health &amp; lethargy",general-ill-health-lethargy,"Acupressure|EFT|Preeti Siddhi|NeuroSky MindWave &amp; Mind Workstation|Heartmath emWave Pro|BrainTap Mind Machine|EMOTIV Epoc+|Mindfold Relaxation Mask|Homeopathy|Reiki|SE -5 1000 Scalar Energy|Bach Flower Remedies","a:12:{i:0;s:3:""942"";i:1;s:3:""989"";i:2;s:2:""26"";i:3;s:4:""1179"";i:4;s:3:""173"";i:5;s:3:""174"";i:6;s:3:""175"";i:7;s:3:""176"";i:8;s:2:""86"";i:9;s:1:""8"";i:10;s:4:""1058"";i:11;s:2:""87"";}"
917,"Silver Pulser",silver-pulser,,
918,"ELECTRO REFLEX ENERGIZER",electro-reflex-energizer,,
919,"Foot De-tox",foot-de-tox,,
920,Rebirthing,rebirthing,,
921,"Inner Child Healing",inner-child-healing,,
922,"Past life Regression",past-life-regression,,
923,Homeopathy,homeopathy,,
924,"Angel Reading",angel-reading,,
925,Meditation,meditation,Child2,a:1:{i:0;i:1171;}
926,"Conscious Parenting Counselor",conscious-parenting-counselor,,
927,Reiki,reiki,,
928,"Theta Healing",theta-healing,,
929,Ayurveda,ayurveda,,
930,Panchkarma,panchkarma,,
932,Reflexology,reflexology,,
933,"FA Infra Sauna",fa-infra-sauna,,
934,"I - float",i-float,,
935,"Bio Tuner",bio-tuner,,
936,"Cranio Sacral Therapy",cranio-sacral-therapy,,
937,"Hatha Yoga",hatha-yoga,,
938,"Vinyasa Yoga",vinyasa-yoga,,
939,"Ashtanga Yoga",ashtanga-yoga,,
940,"Iyengar Yoga",iyengar-yoga,,
1000,"Test Migrane",migrane-migraines,,
1068,Naturopathy,naturopathy,,
1069,"Nambudripad's Allergy Elimination Technique",nambudripads-allergy-elimination-technique,,
1070,"Bowen Therapy",bowen-therapy,,
1071,"Heal your life Program by Louise Hay",heal-your-life-program-by-louise-hay,,
1072,"Family Constellation",family-constellation,Child2|Child2|Child2|Child2|Child2|Child2|Child2|Child2|Child2|Child2|Child2|Child2,a:12:{i:0;i:1171;i:1;i:1171;i:2;i:1171;i:3;i:1171;i:4;i:1171;i:5;i:1171;i:6;i:1171;i:7;i:1171;i:8;i:1171;i:9;i:1171;i:10;i:1171;i:11;i:1171;}
1073,Hypnotherapy,hypnotherapy,,
1074,"Affirmation &amp; Visualization Therapy",affirmation-visualization-therapy,,
1075,"Pranic Healing",pranic-healing,,
1076,"DNA Activation",dna-activation,,
1077,Nutritionist,nutritionist,"A Test therapy|A Test therapy|A Test therapy|A Test therapy",a:4:{i:0;i:1169;i:1;i:1169;i:2;i:1169;i:3;i:1169;}
1078,"Kundalini Activation",kundalini-activation,,
1079,EFT,eft,,
1080,"Crystal Bowl",crystal-bowl,,
1081,Pranayama,pranayama,,
1082,"Bach Flower Remedies",bach-flower-remedies,,
1083,"Q LASER Q1000NG",q-laser-q1000ng,,
1084,"ALFA HRV Analyzer",alfa-hrv-analyzer,,
1085,"ES Complex",es-complex,,
1086,"BIOFIELD READER",biofield-reader,,
1087,"Resonant Field Imaging (RFI)",resonant-field-imaging-rfi,,
1088,"Quantum Resonance Magnetic Health Analyzer",quantum-resonance-magnetic-health-analyzer,,
1089,Physiotherapy,physiotherapy,,
1090,"Dance Therapy",dance-therapy,,
1091,Acupuncture,acupuncture,"|Theta Healing|Child2|Accupressure|Dance Therapy|Physiotherapy|Nutritionist|Family Constellation|Somatic Experience|Cranio Sacral Therapy|Rebirthing|Hypnotherapy",a:12:{i:0;N;i:1;i:12;i:2;i:1171;i:3;i:91;i:4;i:68;i:5;i:108;i:6;i:148;i:7;i:1174;i:8;i:107;i:9;i:1011;i:10;i:124;i:11;i:54;}
1092,"SCENAR-Cosmodic Ex735Ag",scenar-cosmodic-ex735ag,,
1093,"Access bars",access-bars,"Accupressure|Dance Therapy",a:2:{i:0;i:91;i:1;i:68;}
1094,Biogenealogy,biogenealogy,,
1095,"Psychic Surgery",psychic-surgery,,
1096,"Dolphin Healing Network",dolphin-healing-network,,
1097,"Life Between Lives",life-between-lives,,
1098,NLP,nlp,,
1099,"ALFA HRV Analyzer5",alfa-hrv-analyzer5,,
1100,Hypnobirthing,hypnobirthing,,
1101,"NeuroSky MindWave &amp; Mind Workstation",neurosky-mindwave-mind-workstation,,
1102,"ALFA HRV Analyzer7",alfa-hrv-analyzer7,,
1103,"Braintap-Mind Machine",braintap-mind-machine,,
1104,"EMOTIV Epoc+",emotiv-epoc,,
1105,"Mindfold Relaxation Mask",mindfold-relaxation-mask,,
1106,"Heartmath emWave Pro",heartmath-emwave-pro,,
1107,"SE -5 1000 Scalar Energy",se-5-1000-scalar-energy,,
1108,"Sudarshan Kriya",sudarshan-kriya,,
1109,NLP4,nlp4,,
1110,P9,p9,,
1111,C7,c7,,
1137,"Acid Reflux",acid-reflux,"Child2|Accupressure|Nambudripad's Allergy Elimination Technique|Nambudripad's Allergy Elimination Technique (NAET)",a:4:{i:0;i:1171;i:1;i:91;i:2;i:1050;i:3;i:97;}
1138,"Gallstones &amp; Cholecystitis",gallstones-cholecystitis,"Silver Pulser|ELECTRO REFLEX ENERGIZER|Foot De-tox|FA Infra Sauna|I - float|Bio Tuner|Rebirthing|Past life Regression|Inner Child Healing|Homeopathy|Angel Reading|Naturopathy|Meditation|Conscious Parenting Counselor|Reiki|Theta Healing|Homeopathy","a:17:{i:0;s:4:""1008"";i:1;s:3:""163"";i:2;s:4:""1009"";i:3;s:4:""1010"";i:4;s:3:""166"";i:5;s:3:""167"";i:6;s:3:""124"";i:7;s:2:""75"";i:8;s:3:""134"";i:9;s:2:""86"";i:10;s:2:""36"";i:11;s:2:""84"";i:12;s:2:""60"";i:13;s:3:""144"";i:14;s:1:""8"";i:15;s:2:""12"";i:16;s:2:""86"";}"
1139,"Bed Wetting",bed-wetting,"Acupressure|Reflexology|Pranic Healing|Hatha Yoga|Vinyasa Yoga|Ashtanga Yoga|Iyengar Yoga|Ayurveda|Past life Regression|Inner Child Healing|Homeopathy|Reiki|Theta Healing","a:13:{i:0;s:3:""942"";i:1;s:3:""100"";i:2;s:1:""7"";i:3;s:2:""27"";i:4;s:2:""10"";i:5;s:2:""28"";i:6;s:2:""29"";i:7;s:2:""85"";i:8;s:2:""75"";i:9;s:3:""134"";i:10;s:2:""86"";i:11;s:1:""8"";i:12;s:2:""12"";}"
1140,"Bladder Control",bladder-control,"Acupressure|Reflexology|Pranic Healing|Hatha Yoga|Vinyasa Yoga|Ashtanga Yoga|Iyengar Yoga|Ayurveda|Past life Regression|Inner Child Healing|Homeopathy|Reiki|Theta Healing","a:13:{i:0;s:3:""942"";i:1;s:3:""100"";i:2;s:1:""7"";i:3;s:2:""27"";i:4;s:2:""10"";i:5;s:2:""28"";i:6;s:2:""29"";i:7;s:2:""85"";i:8;s:2:""75"";i:9;s:3:""134"";i:10;s:2:""86"";i:11;s:1:""8"";i:12;s:2:""12"";}"
1141,"Addison's Disease ( Adrenal gland )",addisons-disease-adrenal-gland,"Reiki|Past life Regression|Theta Healing|Homeopathy","a:4:{i:0;s:1:""8"";i:1;s:2:""75"";i:2;s:2:""12"";i:3;s:2:""86"";}"
1142,"High Blood Pressure ( Hypertension )",high-blood-pressure-hypertension,"EFT|Rebirthing|Pranayama|Preeti Siddhi|Family Constellation|Ayurveda|Homeopathy|Meditation|Reiki|Past life Regression|Theta Healing|Bach Flower Remedies","a:12:{i:0;s:3:""989"";i:1;s:3:""124"";i:2;s:3:""125"";i:3;s:2:""26"";i:4;s:4:""1174"";i:5;s:2:""85"";i:6;s:2:""86"";i:7;s:2:""60"";i:8;s:1:""8"";i:9;s:2:""75"";i:10;s:2:""12"";i:11;s:2:""87"";}"
1143,"Arrhythmia ( Irregular Heartbeat )",arrhythmia-irregular-heartbeat,"Past life Regression|Inner Child Healing|Reiki|Theta Healing|Homeopathy|Family Constellation","a:6:{i:0;s:2:""75"";i:1;s:3:""134"";i:2;s:1:""8"";i:3;s:2:""12"";i:4;s:2:""86"";i:5;s:4:""1174"";}"
1144,"Coronary Artery Disease (Ischaemic Heart Disease )",coronary-artery-disease-ischaemic-heart-disease,"Homeopathy|Meditation|Reiki|Past life Regression|Theta Healing|Family Constellation","a:6:{i:0;s:2:""86"";i:1;s:2:""60"";i:2;s:1:""8"";i:3;s:2:""75"";i:4;s:2:""12"";i:5;s:4:""1174"";}"
1145,"Atrial Fibrillation (AF) (Arrhythmia)",atrial-fibrillation-af-arrhythmia,"Reiki|Past life Regression|Theta Healing|Homeopathy|Family Constellation","a:5:{i:0;s:1:""8"";i:1;s:2:""75"";i:2;s:2:""12"";i:3;s:2:""86"";i:4;s:4:""1174"";}"
1146,"High Cholesterol ( Hyperlipidemia )",high-cholesterol-hyperlipidemia,"Rebirthing|Family Constellation|Inner Child Healing|Past life Regression|Hypnotherapy|Hatha Yoga|Vinyasa Yoga|Ashtanga Yoga|Iyengar Yoga|Ayurveda|Reiki|Theta Healing|Homeopathy","a:13:{i:0;s:3:""124"";i:1;s:4:""1174"";i:2;s:3:""134"";i:3;s:2:""75"";i:4;s:2:""54"";i:5;s:2:""27"";i:6;s:2:""10"";i:7;s:2:""28"";i:8;s:2:""29"";i:9;s:2:""85"";i:10;s:1:""8"";i:11;s:2:""12"";i:12;s:2:""86"";}"
1147,"Sinus Tachycardia (Arrhythmia)",sinus-tachycardia-arrhythmia,"Reiki|Past life Regression|Theta Healing|Homeopathy|Family Constellation","a:5:{i:0;s:1:""8"";i:1;s:2:""75"";i:2;s:2:""12"";i:3;s:2:""86"";i:4;s:4:""1174"";}"
1148,"Interstitial Lung Disease ( Pulmonary Fibrosis )",interstitial-lung-disease-pulmonary-fibrosis,"Theta Healing|Homeopathy","a:2:{i:0;s:2:""12"";i:1;s:2:""86"";}"
1149,"Platelet problems (ITP Idiopathic Thrombocytopenic Purpura)",platelet-problems-itp-idiopathic-thrombocytopenic-purpura,"Past life Regression|Inner Child Healing|Reiki|Theta Healing|Homeopathy","a:5:{i:0;s:2:""75"";i:1;s:3:""134"";i:2;s:1:""8"";i:3;s:2:""12"";i:4;s:2:""86"";}"
1150,"Oligozoospermia &amp; Azoospermia ( Low / No Sperm Count )",oligozoospermia-azoospermia-low-no-sperm-count,"Theta Healing|Homeopathy|Inner Child Healing|Past life Regression","a:4:{i:0;s:2:""12"";i:1;s:2:""86"";i:2;s:3:""134"";i:3;s:2:""75"";}"
1151,"Lymphoma Hodgkins",lymphoma-hodgkins,"Angel Reading|Naturopathy|Past life Regression|Inner Child Healing|Homeopathy|Reiki|Family Constellation|Life Between Lives","a:8:{i:0;s:2:""36"";i:1;s:2:""84"";i:2;s:2:""75"";i:3;s:3:""134"";i:4;s:2:""86"";i:5;s:1:""8"";i:6;s:4:""1174"";i:7;s:2:""79"";}"
1152,"Female &amp; Male Orgasmic Disorders",female-male-orgasmic-disorders,"Past life Regression|Hypnobirthing","a:2:{i:0;s:2:""75"";i:1;s:2:""76"";}"
1153,"Nerve &amp; Muscle Disorders",nerve-muscle-disorders,"Homeopathy|Dance Therapy|Reiki","a:3:{i:0;s:2:""86"";i:1;s:2:""68"";i:2;s:1:""8"";}"
1154,"Panic Attacks",panic-attacks,"Reiki|Bach Flower Remedies|Acupressure|Pranic Healing|ELECTRO REFLEX ENERGIZER|Foot De-tox|NeuroSky MindWave &amp; Mind Workstation|Meditation|NeuroSky MindWave &amp; Mind Workstation|Heartmath emWave Pro|BrainTap Mind Machine|EMOTIV Epoc+|Mindfold Relaxation Mask|EFT|Cranio Sacral Therapy|Rebirthing|Preeti Siddhi|Hatha Yoga|Vinyasa Yoga|Ashtanga Yoga|Iyengar Yoga|Pranayama|Family Constellation|Preeti Siddhi|Inner Child Healing|Past life Regression|Hypnotherapy|Theta Healing|Inner Child Healing|Conscious Parenting Counselor|Homeopathy","a:31:{i:0;s:1:""8"";i:1;s:2:""87"";i:2;s:3:""942"";i:3;s:1:""7"";i:4;s:3:""163"";i:5;s:4:""1009"";i:6;s:4:""1179"";i:7;s:2:""60"";i:8;s:4:""1179"";i:9;s:3:""173"";i:10;s:3:""174"";i:11;s:3:""175"";i:12;s:3:""176"";i:13;s:3:""989"";i:14;s:4:""1011"";i:15;s:3:""124"";i:16;s:2:""26"";i:17;s:2:""27"";i:18;s:2:""10"";i:19;s:2:""28"";i:20;s:2:""29"";i:21;s:3:""125"";i:22;s:4:""1174"";i:23;s:2:""26"";i:24;s:3:""134"";i:25;s:2:""75"";i:26;s:2:""54"";i:27;s:2:""12"";i:28;s:3:""134"";i:29;s:3:""144"";i:30;s:2:""86"";}"
1155,Phobia,phobia,"Reiki|Bach Flower Remedies|Acupressure|Pranic Healing|ELECTRO REFLEX ENERGIZER|Foot De-tox|NeuroSky MindWave &amp; Mind Workstation|Meditation|NeuroSky MindWave &amp; Mind Workstation|Heartmath emWave Pro|BrainTap Mind Machine|EMOTIV Epoc+|Mindfold Relaxation Mask|EFT|Cranio Sacral Therapy|Rebirthing|Preeti Siddhi|Hatha Yoga|Vinyasa Yoga|Ashtanga Yoga|Iyengar Yoga|Pranayama|Family Constellation|Preeti Siddhi|Inner Child Healing|Past life Regression|Hypnotherapy|Theta Healing|Inner Child Healing|Conscious Parenting Counselor|Homeopathy","a:31:{i:0;s:1:""8"";i:1;s:2:""87"";i:2;s:3:""942"";i:3;s:1:""7"";i:4;s:3:""163"";i:5;s:4:""1009"";i:6;s:4:""1179"";i:7;s:2:""60"";i:8;s:4:""1179"";i:9;s:3:""173"";i:10;s:3:""174"";i:11;s:3:""175"";i:12;s:3:""176"";i:13;s:3:""989"";i:14;s:4:""1011"";i:15;s:3:""124"";i:16;s:2:""26"";i:17;s:2:""27"";i:18;s:2:""10"";i:19;s:2:""28"";i:20;s:2:""29"";i:21;s:3:""125"";i:22;s:4:""1174"";i:23;s:2:""26"";i:24;s:3:""134"";i:25;s:2:""75"";i:26;s:2:""54"";i:27;s:2:""12"";i:28;s:3:""134"";i:29;s:3:""144"";i:30;s:2:""86"";}"
1156,OCD,ocd,"Reiki|Bach Flower Remedies|Acupressure|Pranic Healing|ELECTRO REFLEX ENERGIZER|Foot De-tox|NeuroSky MindWave &amp; Mind Workstation|Meditation|NeuroSky MindWave &amp; Mind Workstation|Heartmath emWave Pro|BrainTap Mind Machine|EMOTIV Epoc+|Mindfold Relaxation Mask|EFT|Cranio Sacral Therapy|Rebirthing|Preeti Siddhi|Hatha Yoga|Vinyasa Yoga|Ashtanga Yoga|Iyengar Yoga|Pranayama|Family Constellation|Preeti Siddhi|Inner Child Healing|Past life Regression|Hypnotherapy|Theta Healing|Inner Child Healing|Conscious Parenting Counselor|Homeopathy","a:31:{i:0;s:1:""8"";i:1;s:2:""87"";i:2;s:3:""942"";i:3;s:1:""7"";i:4;s:3:""163"";i:5;s:4:""1009"";i:6;s:4:""1179"";i:7;s:2:""60"";i:8;s:4:""1179"";i:9;s:3:""173"";i:10;s:3:""174"";i:11;s:3:""175"";i:12;s:3:""176"";i:13;s:3:""989"";i:14;s:4:""1011"";i:15;s:3:""124"";i:16;s:2:""26"";i:17;s:2:""27"";i:18;s:2:""10"";i:19;s:2:""28"";i:20;s:2:""29"";i:21;s:3:""125"";i:22;s:4:""1174"";i:23;s:2:""26"";i:24;s:3:""134"";i:25;s:2:""75"";i:26;s:2:""54"";i:27;s:2:""12"";i:28;s:3:""134"";i:29;s:3:""144"";i:30;s:2:""86"";}"
1157,"Bipolar Mood Disorder",bipolar-mood-disorder,"Reiki|Acupressure|Pranic Healing|Reflexology|NeuroSky MindWave &amp; Mind Workstation|Meditation|Heartmath emWave Pro|BrainTap Mind Machine|EMOTIV Epoc+|Mindfold Relaxation Mask|EFT|Cranio Sacral Therapy|Hatha Yoga|Vinyasa Yoga|Ashtanga Yoga|Iyengar Yoga|Preeti Siddhi|Pranayama|Heal your life Program by Louise Hay|Angel Reading|Naturopathy|Past life Regression|Inner Child Healing|Conscious Parenting Counselor|Bach Flower Remedies","a:25:{i:0;s:1:""8"";i:1;s:3:""942"";i:2;s:1:""7"";i:3;s:3:""100"";i:4;s:4:""1179"";i:5;s:2:""60"";i:6;s:3:""173"";i:7;s:3:""174"";i:8;s:3:""175"";i:9;s:3:""176"";i:10;s:3:""989"";i:11;s:4:""1011"";i:12;s:2:""27"";i:13;s:2:""10"";i:14;s:2:""28"";i:15;s:2:""29"";i:16;s:2:""26"";i:17;s:3:""125"";i:18;s:4:""1173"";i:19;s:2:""36"";i:20;s:2:""84"";i:21;s:2:""75"";i:22;s:3:""134"";i:23;s:3:""144"";i:24;s:2:""87"";}"
1158,Dementia,dementia,"NeuroSky MindWave &amp; Mind Workstation|Heartmath emWave Pro|BrainTap Mind Machine|EMOTIV Epoc+|Mindfold Relaxation Mask|Cranio Sacral Therapy|Reiki","a:7:{i:0;s:4:""1179"";i:1;s:3:""173"";i:2;s:3:""174"";i:3;s:3:""175"";i:4;s:3:""176"";i:5;s:4:""1011"";i:6;s:1:""8"";}"
1159,"Post Traumatic Stress Disorder PTSD",post-traumatic-stress-disorder-ptsd,"Pranic Healing|NeuroSky MindWave &amp; Mind Workstation|Heartmath emWave Pro|BrainTap Mind Machine|EMOTIV Epoc+|Mindfold Relaxation Mask|EFT|Pranayama|Preeti Siddhi|Inner Child Healing|Past life Regression|Reiki","a:12:{i:0;s:1:""7"";i:1;s:4:""1179"";i:2;s:3:""173"";i:3;s:3:""174"";i:4;s:3:""175"";i:5;s:3:""176"";i:6;s:3:""989"";i:7;s:3:""125"";i:8;s:2:""26"";i:9;s:3:""134"";i:10;s:2:""75"";i:11;s:1:""8"";}"
1160,"Personality Disorders",personality-disorders,"Past life Regression|Inner Child Healing|Reiki","a:3:{i:0;s:2:""75"";i:1;s:3:""134"";i:2;s:1:""8"";}"
1161,"Caregiver for a Disabled / Terminally Ill Relative",caregiver-for-a-disabled-terminally-ill-relative,"SE -5 1000 Scalar Energy|Reiki","a:2:{i:0;s:4:""1058"";i:1;s:1:""8"";}"
1162,"Addiction Issues",addiction-issues,"SE -5 1000 Scalar Energy|Angel Reading|Naturopathy|Past life Regression|Inner Child Healing|Reiki|Q LASER Q1000NG","a:7:{i:0;s:4:""1058"";i:1;s:2:""36"";i:2;s:2:""84"";i:3;s:2:""75"";i:4;s:3:""134"";i:5;s:1:""8"";i:6;s:3:""170"";}"
1163,Accident,accident,Child2,a:1:{i:0;i:1171;}
1164,De-motivation,de-motivation,"SE -5 1000 Scalar Energy|Meditation|Homeopathy|Reiki|Bach Flower Remedies","a:5:{i:0;s:4:""1058"";i:1;s:2:""60"";i:2;s:2:""86"";i:3;s:1:""8"";i:4;s:2:""87"";}"
1189,"Ailment parent 1",ailment-parent-1,"Child1|A Test therapy|Child2","a:3:{i:0;s:4:""1170"";i:1;i:1169;i:2;s:4:""1171"";}"
1190,"Ailment parent 2",ailment-parent-2,"Child 3|A Test therapy|Child 4","a:3:{i:0;s:4:""1182"";i:1;i:1169;i:2;s:4:""1183"";}"
1191,"ailment p",ailment-p,,
